분류,시도,연도,소득
지역내총생산,전국,2001,15009
지역총소득,전국,2001,14908
개인소득,전국,2001,9120
민간소비,전국,2001,8310
지역내총생산,서울특별시,2001,17698
지역총소득,서울특별시,2001,19492
개인소득,서울특별시,2001,10511
민간소비,서울특별시,2001,9347
지역내총생산,부산광역시,2001,10980
지역총소득,부산광역시,2001,11932
개인소득,부산광역시,2001,8584
민간소비,부산광역시,2001,8129
지역내총생산,대구광역시,2001,9804
지역총소득,대구광역시,2001,11473
개인소득,대구광역시,2001,8622
민간소비,대구광역시,2001,8283
지역내총생산,인천광역시,2001,13110
지역총소득,인천광역시,2001,11530
개인소득,인천광역시,2001,7997
민간소비,인천광역시,2001,7877
지역내총생산,광주광역시,2001,10670
지역총소득,광주광역시,2001,11685
개인소득,광주광역시,2001,8540
민간소비,광주광역시,2001,8167
지역내총생산,대전광역시,2001,11556
지역총소득,대전광역시,2001,13329
개인소득,대전광역시,2001,8658
민간소비,대전광역시,2001,8115
지역내총생산,울산광역시,2001,31097
지역총소득,울산광역시,2001,26782
개인소득,울산광역시,2001,11012
민간소비,울산광역시,2001,8165
지역내총생산,세종특별자치시,2001,44864
지역총소득,세종특별자치시,2001,40969
개인소득,세종특별자치시,2001,20970
민간소비,세종특별자치시,2001,17347
지역내총생산,경기도,2001,14361
지역총소득,경기도,2001,14948
개인소득,경기도,2001,9422
민간소비,경기도,2001,8324
지역내총생산,강원도,2001,12437
지역총소득,강원도,2001,11725
개인소득,강원도,2001,7850
민간소비,강원도,2001,7799
지역내총생산,충청북도,2001,14391
지역총소득,충청북도,2001,13063
개인소득,충청북도,2001,8192
민간소비,충청북도,2001,7613
지역내총생산,충청남도,2001,18490
지역총소득,충청남도,2001,14139
개인소득,충청남도,2001,8349
민간소비,충청남도,2001,7952
지역내총생산,전라북도,2001,11593
지역총소득,전라북도,2001,11439
개인소득,전라북도,2001,8189
민간소비,전라북도,2001,7705
지역내총생산,전라남도,2001,16702
지역총소득,전라남도,2001,14088
개인소득,전라남도,2001,8142
민간소비,전라남도,2001,7551
지역내총생산,경상북도,2001,17270
지역총소득,경상북도,2001,14067
개인소득,경상북도,2001,8611
민간소비,경상북도,2001,7979
지역내총생산,경상남도,2001,16049
지역총소득,경상남도,2001,13991
개인소득,경상남도,2001,8743
민간소비,경상남도,2001,7704
지역내총생산,제주특별자치도,2001,11546
지역총소득,제주특별자치도,2001,12163
개인소득,제주특별자치도,2001,8729
민간소비,제주특별자치도,2001,7973
지역내총생산,전국,2002,16505
지역총소득,전국,2002,16444
개인소득,전국,2002,9820
민간소비,전국,2002,9263
지역내총생산,서울특별시,2002,19847
지역총소득,서울특별시,2002,21804
개인소득,서울특별시,2002,11463
민간소비,서울특별시,2002,10728
지역내총생산,부산광역시,2002,11901
지역총소득,부산광역시,2002,13090
개인소득,부산광역시,2002,9330
민간소비,부산광역시,2002,8960
지역내총생산,대구광역시,2002,10694
지역총소득,대구광역시,2002,12483
개인소득,대구광역시,2002,9246
민간소비,대구광역시,2002,9140
지역내총생산,인천광역시,2002,14956
지역총소득,인천광역시,2002,13481
개인소득,인천광역시,2002,8700
민간소비,인천광역시,2002,8622
지역내총생산,광주광역시,2002,11700
지역총소득,광주광역시,2002,12501
개인소득,광주광역시,2002,9011
민간소비,광주광역시,2002,9006
지역내총생산,대전광역시,2002,12809
지역총소득,대전광역시,2002,14491
개인소득,대전광역시,2002,9288
민간소비,대전광역시,2002,9008
지역내총생산,울산광역시,2002,34404
지역총소득,울산광역시,2002,29386
개인소득,울산광역시,2002,11896
민간소비,울산광역시,2002,9084
지역내총생산,세종특별자치시,2002,44864
지역총소득,세종특별자치시,2002,40969
개인소득,세종특별자치시,2002,20970
민간소비,세종특별자치시,2002,17347
지역내총생산,경기도,2002,15430
지역총소득,경기도,2002,16720
개인소득,경기도,2002,10122
민간소비,경기도,2002,9316
지역내총생산,강원도,2002,13501
지역총소득,강원도,2002,12592
개인소득,강원도,2002,8491
민간소비,강원도,2002,8549
지역내총생산,충청북도,2002,15581
지역총소득,충청북도,2002,13487
개인소득,충청북도,2002,8658
민간소비,충청북도,2002,8304
지역내총생산,충청남도,2002,20656
지역총소득,충청남도,2002,15557
개인소득,충청남도,2002,8929
민간소비,충청남도,2002,8690
지역내총생산,전라북도,2002,12520
지역총소득,전라북도,2002,11951
개인소득,전라북도,2002,8517
민간소비,전라북도,2002,8416
지역내총생산,전라남도,2002,18408
지역총소득,전라남도,2002,15473
개인소득,전라남도,2002,8716
민간소비,전라남도,2002,8145
지역내총생산,경상북도,2002,18942
지역총소득,경상북도,2002,15272
개인소득,경상북도,2002,9207
민간소비,경상북도,2002,8698
지역내총생산,경상남도,2002,17504
지역총소득,경상남도,2002,14997
개인소득,경상남도,2002,9291
민간소비,경상남도,2002,8565
지역내총생산,제주특별자치도,2002,12886
지역총소득,제주특별자치도,2002,12969
개인소득,제주특별자치도,2002,9314
민간소비,제주특별자치도,2002,8965
지역내총생산,전국,2003,17609
지역총소득,전국,2003,17548
개인소득,전국,2003,10389
민간소비,전국,2003,9500
지역내총생산,서울특별시,2003,21134
지역총소득,서울특별시,2003,23579
개인소득,서울특별시,2003,12285
민간소비,서울특별시,2003,11349
지역내총생산,부산광역시,2003,13122
지역총소득,부산광역시,2003,13755
개인소득,부산광역시,2003,9685
민간소비,부산광역시,2003,9141
지역내총생산,대구광역시,2003,11313
지역총소득,대구광역시,2003,12851
개인소득,대구광역시,2003,9494
민간소비,대구광역시,2003,9321
지역내총생산,인천광역시,2003,15778
지역총소득,인천광역시,2003,14614
개인소득,인천광역시,2003,9280
민간소비,인천광역시,2003,8802
지역내총생산,광주광역시,2003,12068
지역총소득,광주광역시,2003,13047
개인소득,광주광역시,2003,9610
민간소비,광주광역시,2003,9220
지역내총생산,대전광역시,2003,13741
지역총소득,대전광역시,2003,15826
개인소득,대전광역시,2003,10072
민간소비,대전광역시,2003,9184
지역내총생산,울산광역시,2003,34290
지역총소득,울산광역시,2003,29152
개인소득,울산광역시,2003,12603
민간소비,울산광역시,2003,9277
지역내총생산,세종특별자치시,2003,44864
지역총소득,세종특별자치시,2003,40969
개인소득,세종특별자치시,2003,20970
민간소비,세종특별자치시,2003,17347
지역내총생산,경기도,2003,16165
지역총소득,경기도,2003,17493
개인소득,경기도,2003,10608
민간소비,경기도,2003,9418
지역내총생산,강원도,2003,14935
지역총소득,강원도,2003,13433
개인소득,강원도,2003,8960
민간소비,강원도,2003,8615
지역내총생산,충청북도,2003,16647
지역총소득,충청북도,2003,14361
개인소득,충청북도,2003,9030
민간소비,충청북도,2003,8406
지역내총생산,충청남도,2003,23280
지역총소득,충청남도,2003,17564
개인소득,충청남도,2003,9454
민간소비,충청남도,2003,8915
지역내총생산,전라북도,2003,13230
지역총소득,전라북도,2003,12760
개인소득,전라북도,2003,9242
민간소비,전라북도,2003,8520
지역내총생산,전라남도,2003,20345
지역총소득,전라남도,2003,16577
개인소득,전라남도,2003,9219
민간소비,전라남도,2003,8287
지역내총생산,경상북도,2003,21006
지역총소득,경상북도,2003,17019
개인소득,경상북도,2003,9593
민간소비,경상북도,2003,8707
지역내총생산,경상남도,2003,18480
지역총소득,경상남도,2003,15989
개인소득,경상남도,2003,9912
민간소비,경상남도,2003,8671
지역내총생산,제주특별자치도,2003,13839
지역총소득,제주특별자치도,2003,13580
개인소득,제주특별자치도,2003,9679
민간소비,제주특별자치도,2003,9194
지역내총생산,전국,2004,19027
지역총소득,전국,2004,18995
개인소득,전국,2004,11063
민간소비,전국,2004,9813
지역내총생산,서울특별시,2004,21826
지역총소득,서울특별시,2004,25090
개인소득,서울특별시,2004,13044
민간소비,서울특별시,2004,12006
지역내총생산,부산광역시,2004,14124
지역총소득,부산광역시,2004,14293
개인소득,부산광역시,2004,10164
민간소비,부산광역시,2004,9303
지역내총생산,대구광역시,2004,12273
지역총소득,대구광역시,2004,13926
개인소득,대구광역시,2004,10052
민간소비,대구광역시,2004,9349
지역내총생산,인천광역시,2004,17262
지역총소득,인천광역시,2004,15795
개인소득,인천광역시,2004,9937
민간소비,인천광역시,2004,8980
지역내총생산,광주광역시,2004,12723
지역총소득,광주광역시,2004,13592
개인소득,광주광역시,2004,10103
민간소비,광주광역시,2004,9393
지역내총생산,대전광역시,2004,14592
지역총소득,대전광역시,2004,16696
개인소득,대전광역시,2004,10563
민간소비,대전광역시,2004,9576
지역내총생산,울산광역시,2004,40982
지역총소득,울산광역시,2004,32370
개인소득,울산광역시,2004,13422
민간소비,울산광역시,2004,9693
지역내총생산,세종특별자치시,2004,44864
지역총소득,세종특별자치시,2004,40969
개인소득,세종특별자치시,2004,20970
민간소비,세종특별자치시,2004,17347
지역내총생산,경기도,2004,17278
지역총소득,경기도,2004,19172
개인소득,경기도,2004,11299
민간소비,경기도,2004,9735
지역내총생산,강원도,2004,15806
지역총소득,강원도,2004,14058
개인소득,강원도,2004,9589
민간소비,강원도,2004,8799
지역내총생산,충청북도,2004,18860
지역총소득,충청북도,2004,16103
개인소득,충청북도,2004,9758
민간소비,충청북도,2004,8607
지역내총생산,충청남도,2004,25934
지역총소득,충청남도,2004,19695
개인소득,충청남도,2004,10075
민간소비,충청남도,2004,9232
지역내총생산,전라북도,2004,14454
지역총소득,전라북도,2004,13523
개인소득,전라북도,2004,9844
민간소비,전라북도,2004,8655
지역내총생산,전라남도,2004,23508
지역총소득,전라남도,2004,18415
개인소득,전라남도,2004,10036
민간소비,전라남도,2004,8427
지역내총생산,경상북도,2004,23928
지역총소득,경상북도,2004,19585
개인소득,경상북도,2004,10315
민간소비,경상북도,2004,8800
지역내총생산,경상남도,2004,19900
지역총소득,경상남도,2004,17087
개인소득,경상남도,2004,10636
민간소비,경상남도,2004,8913
지역내총생산,제주특별자치도,2004,15098
지역총소득,제주특별자치도,2004,14859
개인소득,제주특별자치도,2004,10082
민간소비,제주특별자치도,2004,9148
지역내총생산,전국,2005,19902
지역총소득,전국,2005,19762
개인소득,전국,2005,11551
민간소비,전국,2005,10443
지역내총생산,서울특별시,2005,23151
지역총소득,서울특별시,2005,26279
개인소득,서울특별시,2005,13525
민간소비,서울특별시,2005,12779
지역내총생산,부산광역시,2005,14738
지역총소득,부산광역시,2005,15263
개인소득,부산광역시,2005,10695
민간소비,부산광역시,2005,9812
지역내총생산,대구광역시,2005,12809
지역총소득,대구광역시,2005,14362
개인소득,대구광역시,2005,10693
민간소비,대구광역시,2005,10061
지역내총생산,인천광역시,2005,17844
지역총소득,인천광역시,2005,16779
개인소득,인천광역시,2005,10344
민간소비,인천광역시,2005,9480
지역내총생산,광주광역시,2005,13904
지역총소득,광주광역시,2005,14815
개인소득,광주광역시,2005,10865
민간소비,광주광역시,2005,9933
지역내총생산,대전광역시,2005,15019
지역총소득,대전광역시,2005,16138
개인소득,대전광역시,2005,11133
민간소비,대전광역시,2005,10202
지역내총생산,울산광역시,2005,41016
지역총소득,울산광역시,2005,32789
개인소득,울산광역시,2005,14129
민간소비,울산광역시,2005,10598
지역내총생산,세종특별자치시,2005,44864
지역총소득,세종특별자치시,2005,40969
개인소득,세종특별자치시,2005,20970
민간소비,세종특별자치시,2005,17347
지역내총생산,경기도,2005,18082
지역총소득,경기도,2005,19343
개인소득,경기도,2005,11622
민간소비,경기도,2005,10403
지역내총생산,강원도,2005,16379
지역총소득,강원도,2005,15049
개인소득,강원도,2005,10036
민간소비,강원도,2005,9347
지역내총생산,충청북도,2005,18923
지역총소득,충청북도,2005,16231
개인소득,충청북도,2005,10403
민간소비,충청북도,2005,9086
지역내총생산,충청남도,2005,27417
지역총소득,충청남도,2005,20372
개인소득,충청남도,2005,10417
민간소비,충청남도,2005,9879
지역내총생산,전라북도,2005,14920
지역총소득,전라북도,2005,14401
개인소득,전라북도,2005,10448
민간소비,전라북도,2005,9092
지역내총생산,전라남도,2005,23953
지역총소득,전라남도,2005,19110
개인소득,전라남도,2005,10644
민간소비,전라남도,2005,8881
지역내총생산,경상북도,2005,25286
지역총소득,경상북도,2005,21513
개인소득,경상북도,2005,10946
민간소비,경상북도,2005,9257
지역내총생산,경상남도,2005,21032
지역총소득,경상남도,2005,18193
개인소득,경상남도,2005,11101
민간소비,경상남도,2005,9525
지역내총생산,제주특별자치도,2005,15599
지역총소득,제주특별자치도,2005,14762
개인소득,제주특별자치도,2005,10552
민간소비,제주특별자치도,2005,9944
지역내총생산,전국,2006,20878
지역총소득,전국,2006,20817
개인소득,전국,2006,12058
민간소비,전국,2006,11074
지역내총생산,서울특별시,2006,24420
지역총소득,서울특별시,2006,27315
개인소득,서울특별시,2006,14008
민간소비,서울특별시,2006,13497
지역내총생산,부산광역시,2006,15386
지역총소득,부산광역시,2006,16272
개인소득,부산광역시,2006,11323
민간소비,부산광역시,2006,10441
지역내총생산,대구광역시,2006,13580
지역총소득,대구광역시,2006,15228
개인소득,대구광역시,2006,11193
민간소비,대구광역시,2006,10681
지역내총생산,인천광역시,2006,18838
지역총소득,인천광역시,2006,18100
개인소득,인천광역시,2006,10769
민간소비,인천광역시,2006,10083
지역내총생산,광주광역시,2006,14938
지역총소득,광주광역시,2006,15846
개인소득,광주광역시,2006,11389
민간소비,광주광역시,2006,10559
지역내총생산,대전광역시,2006,15657
지역총소득,대전광역시,2006,17010
개인소득,대전광역시,2006,11755
민간소비,대전광역시,2006,10847
지역내총생산,울산광역시,2006,42229
지역총소득,울산광역시,2006,34625
개인소득,울산광역시,2006,14426
민간소비,울산광역시,2006,11317
지역내총생산,세종특별자치시,2006,44864
지역총소득,세종특별자치시,2006,40969
개인소득,세종특별자치시,2006,20970
민간소비,세종특별자치시,2006,17347
지역내총생산,경기도,2006,18944
지역총소득,경기도,2006,20593
개인소득,경기도,2006,12196
민간소비,경기도,2006,11104
지역내총생산,강원도,2006,17498
지역총소득,강원도,2006,16156
개인소득,강원도,2006,10530
민간소비,강원도,2006,9905
지역내총생산,충청북도,2006,20474
지역총소득,충청북도,2006,17396
개인소득,충청북도,2006,10840
민간소비,충청북도,2006,9606
지역내총생산,충청남도,2006,28760
지역총소득,충청남도,2006,21450
개인소득,충청남도,2006,10994
민간소비,충청남도,2006,10310
지역내총생산,전라북도,2006,15965
지역총소득,전라북도,2006,15344
개인소득,전라북도,2006,10922
민간소비,전라북도,2006,9608
지역내총생산,전라남도,2006,24303
지역총소득,전라남도,2006,20080
개인소득,전라남도,2006,11110
민간소비,전라남도,2006,9364
지역내총생산,경상북도,2006,25983
지역총소득,경상북도,2006,21536
개인소득,경상북도,2006,11202
민간소비,경상북도,2006,9754
지역내총생산,경상남도,2006,22087
지역총소득,경상남도,2006,19258
개인소득,경상남도,2006,11611
민간소비,경상남도,2006,10112
지역내총생산,제주특별자치도,2006,16001
지역총소득,제주특별자치도,2006,15659
개인소득,제주특별자치도,2006,11125
민간소비,제주특별자치도,2006,10408
지역내총생산,전국,2007,22456
지역총소득,전국,2007,22399
개인소득,전국,2007,12636
민간소비,전국,2007,11780
지역내총생산,서울특별시,2007,26478
지역총소득,서울특별시,2007,30371
개인소득,서울특별시,2007,15023
민간소비,서울특별시,2007,14354
지역내총생산,부산광역시,2007,16703
지역총소득,부산광역시,2007,17592
개인소득,부산광역시,2007,11855
민간소비,부산광역시,2007,11172
지역내총생산,대구광역시,2007,14558
지역총소득,대구광역시,2007,15885
개인소득,대구광역시,2007,11503
민간소비,대구광역시,2007,11281
지역내총생산,인천광역시,2007,20455
지역총소득,인천광역시,2007,19729
개인소득,인천광역시,2007,11151
민간소비,인천광역시,2007,10831
지역내총생산,광주광역시,2007,16116
지역총소득,광주광역시,2007,17373
개인소득,광주광역시,2007,12137
민간소비,광주광역시,2007,11262
지역내총생산,대전광역시,2007,16513
지역총소득,대전광역시,2007,17867
개인소득,대전광역시,2007,12339
민간소비,대전광역시,2007,11502
지역내총생산,울산광역시,2007,46310
지역총소득,울산광역시,2007,38917
개인소득,울산광역시,2007,15502
민간소비,울산광역시,2007,12065
지역내총생산,세종특별자치시,2007,44864
지역총소득,세종특별자치시,2007,40969
개인소득,세종특별자치시,2007,20970
민간소비,세종특별자치시,2007,17347
지역내총생산,경기도,2007,20008
지역총소득,경기도,2007,21415
개인소득,경기도,2007,12740
민간소비,경기도,2007,11882
지역내총생산,강원도,2007,18832
지역총소득,강원도,2007,17280
개인소득,강원도,2007,10863
민간소비,강원도,2007,10519
지역내총생산,충청북도,2007,21923
지역총소득,충청북도,2007,18391
개인소득,충청북도,2007,11247
민간소비,충청북도,2007,10136
지역내총생산,충청남도,2007,30667
지역총소득,충청남도,2007,22905
개인소득,충청남도,2007,11365
민간소비,충청남도,2007,10771
지역내총생산,전라북도,2007,17195
지역총소득,전라북도,2007,16168
개인소득,전라북도,2007,11387
민간소비,전라북도,2007,10091
지역내총생산,전라남도,2007,27407
지역총소득,전라남도,2007,21970
개인소득,전라남도,2007,11424
민간소비,전라남도,2007,10043
지역내총생산,경상북도,2007,27165
지역총소득,경상북도,2007,22157
개인소득,경상북도,2007,11391
민간소비,경상북도,2007,10277
지역내총생산,경상남도,2007,24063
지역총소득,경상남도,2007,20968
개인소득,경상남도,2007,11967
민간소비,경상남도,2007,10699
지역내총생산,제주특별자치도,2007,17139
지역총소득,제주특별자치도,2007,16350
개인소득,제주특별자치도,2007,11544
민간소비,제주특별자치도,2007,10989
지역내총생산,전국,2008,23637
지역총소득,전국,2008,23643
개인소득,전국,2008,13425
민간소비,전국,2008,12365
지역내총생산,서울특별시,2008,27894
지역총소득,서울특별시,2008,31939
개인소득,서울특별시,2008,15783
민간소비,서울특별시,2008,15028
지역내총생산,부산광역시,2008,18167
지역총소득,부산광역시,2008,18716
개인소득,부산광역시,2008,12699
민간소비,부산광역시,2008,11780
지역내총생산,대구광역시,2008,15049
지역총소득,대구광역시,2008,16826
개인소득,대구광역시,2008,12279
민간소비,대구광역시,2008,11813
지역내총생산,인천광역시,2008,19970
지역총소득,인천광역시,2008,20358
개인소득,인천광역시,2008,11843
민간소비,인천광역시,2008,11313
지역내총생산,광주광역시,2008,16525
지역총소득,광주광역시,2008,17884
개인소득,광주광역시,2008,12902
민간소비,광주광역시,2008,11858
지역내총생산,대전광역시,2008,17426
지역총소득,대전광역시,2008,18467
개인소득,대전광역시,2008,13070
민간소비,대전광역시,2008,12111
지역내총생산,울산광역시,2008,48794
지역총소득,울산광역시,2008,41758
개인소득,울산광역시,2008,16438
민간소비,울산광역시,2008,12636
지역내총생산,세종특별자치시,2008,44864
지역총소득,세종특별자치시,2008,40969
개인소득,세종특별자치시,2008,20970
민간소비,세종특별자치시,2008,17347
지역내총생산,경기도,2008,20863
지역총소득,경기도,2008,22099
개인소득,경기도,2008,13581
민간소비,경기도,2008,12469
지역내총생산,강원도,2008,19593
지역총소득,강원도,2008,17844
개인소득,강원도,2008,11683
민간소비,강원도,2008,11061
지역내총생산,충청북도,2008,22378
지역총소득,충청북도,2008,19290
개인소득,충청북도,2008,11983
민간소비,충청북도,2008,10782
지역내총생산,충청남도,2008,32648
지역총소득,충청남도,2008,24028
개인소득,충청남도,2008,12006
민간소비,충청남도,2008,11155
지역내총생산,전라북도,2008,18355
지역총소득,전라북도,2008,17346
개인소득,전라북도,2008,12060
민간소비,전라북도,2008,10567
지역내총생산,전라남도,2008,30160
지역총소득,전라남도,2008,22745
개인소득,전라남도,2008,12013
민간소비,전라남도,2008,10490
지역내총생산,경상북도,2008,28945
지역총소득,경상북도,2008,25656
개인소득,경상북도,2008,12156
민간소비,경상북도,2008,10846
지역내총생산,경상남도,2008,26038
지역총소득,경상남도,2008,23121
개인소득,경상남도,2008,12970
민간소비,경상남도,2008,11343
지역내총생산,제주특별자치도,2008,17655
지역총소득,제주특별자치도,2008,17358
개인소득,제주특별자치도,2008,12411
민간소비,제주특별자치도,2008,11606
지역내총생산,전국,2009,24493
지역총소득,전국,2009,24455
개인소득,전국,2009,13811
민간소비,전국,2009,12657
지역내총생산,서울특별시,2009,28967
지역총소득,서울특별시,2009,32874
개인소득,서울특별시,2009,16080
민간소비,서울특별시,2009,15294
지역내총생산,부산광역시,2009,18208
지역총소득,부산광역시,2009,18996
개인소득,부산광역시,2009,12993
민간소비,부산광역시,2009,12166
지역내총생산,대구광역시,2009,15289
지역총소득,대구광역시,2009,17368
개인소득,대구광역시,2009,12851
민간소비,대구광역시,2009,12001
지역내총생산,인천광역시,2009,20871
지역총소득,인천광역시,2009,20897
개인소득,인천광역시,2009,12334
민간소비,인천광역시,2009,11602
지역내총생산,광주광역시,2009,17031
지역총소득,광주광역시,2009,18511
개인소득,광주광역시,2009,13298
민간소비,광주광역시,2009,12229
지역내총생산,대전광역시,2009,18518
지역총소득,대전광역시,2009,19901
개인소득,대전광역시,2009,13701
민간소비,대전광역시,2009,12405
지역내총생산,울산광역시,2009,46624
지역총소득,울산광역시,2009,41432
개인소득,울산광역시,2009,16950
민간소비,울산광역시,2009,12949
지역내총생산,세종특별자치시,2009,44864
지역총소득,세종특별자치시,2009,40969
개인소득,세종특별자치시,2009,20970
민간소비,세종특별자치시,2009,17347
지역내총생산,경기도,2009,21731
지역총소득,경기도,2009,22937
개인소득,경기도,2009,13760
민간소비,경기도,2009,12787
지역내총생산,강원도,2009,20345
지역총소득,강원도,2009,18906
개인소득,강원도,2009,12330
민간소비,강원도,2009,11349
지역내총생산,충청북도,2009,23467
지역총소득,충청북도,2009,20826
개인소득,충청북도,2009,12615
민간소비,충청북도,2009,11071
지역내총생산,충청남도,2009,36024
지역총소득,충청남도,2009,26683
개인소득,충청남도,2009,12660
민간소비,충청남도,2009,11343
지역내총생산,전라북도,2009,19926
지역총소득,전라북도,2009,18578
개인소득,전라북도,2009,12649
민간소비,전라북도,2009,10786
지역내총생산,전라남도,2009,29695
지역총소득,전라남도,2009,24109
개인소득,전라남도,2009,12643
민간소비,전라남도,2009,10907
지역내총생산,경상북도,2009,30021
지역총소득,경상북도,2009,25287
개인소득,경상북도,2009,12657
민간소비,경상북도,2009,11179
지역내총생산,경상남도,2009,26942
지역총소득,경상남도,2009,23429
개인소득,경상남도,2009,13316
민간소비,경상남도,2009,11556
지역내총생산,제주특별자치도,2009,19421
지역총소득,제주특별자치도,2009,18437
개인소득,제주특별자치도,2009,12809
민간소비,제주특별자치도,2009,11863
지역내총생산,전국,2010,26788
지역총소득,전국,2010,26828
개인소득,전국,2010,14558
민간소비,전국,2010,13503
지역내총생산,서울특별시,2010,31053
지역총소득,서울특별시,2010,36359
개인소득,서울특별시,2010,17277
민간소비,서울특별시,2010,16288
지역내총생산,부산광역시,2010,19223
지역총소득,부산광역시,2010,19724
개인소득,부산광역시,2010,13605
민간소비,부산광역시,2010,13145
지역내총생산,대구광역시,2010,16379
지역총소득,대구광역시,2010,18499
개인소득,대구광역시,2010,13446
민간소비,대구광역시,2010,12786
지역내총생산,인천광역시,2010,23234
지역총소득,인천광역시,2010,22945
개인소득,인천광역시,2010,13214
민간소비,인천광역시,2010,12449
지역내총생산,광주광역시,2010,18667
지역총소득,광주광역시,2010,19602
개인소득,광주광역시,2010,13439
민간소비,광주광역시,2010,13018
지역내총생산,대전광역시,2010,19950
지역총소득,대전광역시,2010,20855
개인소득,대전광역시,2010,14373
민간소비,대전광역시,2010,13257
지역내총생산,울산광역시,2010,55585
지역총소득,울산광역시,2010,48489
개인소득,울산광역시,2010,17634
민간소비,울산광역시,2010,13841
지역내총생산,세종특별자치시,2010,44864
지역총소득,세종특별자치시,2010,40969
개인소득,세종특별자치시,2010,20970
민간소비,세종특별자치시,2010,17347
지역내총생산,경기도,2010,23972
지역총소득,경기도,2010,26528
개인소득,경기도,2010,14455
민간소비,경기도,2010,13573
지역내총생산,강원도,2010,21312
지역총소득,강원도,2010,19315
개인소득,강원도,2010,12844
민간소비,강원도,2010,12045
지역내총생산,충청북도,2010,26455
지역총소득,충청북도,2010,22351
개인소득,충청북도,2010,13246
민간소비,충청북도,2010,11926
지역내총생산,충청남도,2010,40962
지역총소득,충청남도,2010,28765
개인소득,충청남도,2010,13326
민간소비,충청남도,2010,12183
지역내총생산,전라북도,2010,21016
지역총소득,전라북도,2010,19226
개인소득,전라북도,2010,13197
민간소비,전라북도,2010,11580
지역내총생산,전라남도,2010,34768
지역총소득,전라남도,2010,26168
개인소득,전라남도,2010,13161
민간소비,전라남도,2010,11659
지역내총생산,경상북도,2010,33341
지역총소득,경상북도,2010,26953
개인소득,경상북도,2010,13342
민간소비,경상북도,2010,11963
지역내총생산,경상남도,2010,28026
지역총소득,경상남도,2010,24250
개인소득,경상남도,2010,13933
민간소비,경상남도,2010,12357
지역내총생산,제주특별자치도,2010,20366
지역총소득,제주특별자치도,2010,19613
개인소득,제주특별자치도,2010,13259
민간소비,제주특별자치도,2010,12613
지역내총생산,전국,2011,27901
지역총소득,전국,2011,28074
개인소득,전국,2011,15137
민간소비,전국,2011,14240
지역내총생산,서울특별시,2011,32407
지역총소득,서울특별시,2011,38574
개인소득,서울특별시,2011,18252
민간소비,서울특별시,2011,17169
지역내총생산,부산광역시,2011,19700
지역총소득,부산광역시,2011,21394
개인소득,부산광역시,2011,14396
민간소비,부산광역시,2011,13990
지역내총생산,대구광역시,2011,17170
지역총소득,대구광역시,2011,19985
개인소득,대구광역시,2011,13969
민간소비,대구광역시,2011,13513
지역내총생산,인천광역시,2011,23384
지역총소득,인천광역시,2011,23937
개인소득,인천광역시,2011,13600
민간소비,인천광역시,2011,13086
지역내총생산,광주광역시,2011,19093
지역총소득,광주광역시,2011,20544
개인소득,광주광역시,2011,13815
민간소비,광주광역시,2011,13824
지역내총생산,대전광역시,2011,20728
지역총소득,대전광역시,2011,22288
개인소득,대전광역시,2011,14992
민간소비,대전광역시,2011,14054
지역내총생산,울산광역시,2011,61755
지역총소득,울산광역시,2011,49677
개인소득,울산광역시,2011,18594
민간소비,울산광역시,2011,14611
지역내총생산,세종특별자치시,2011,44864
지역총소득,세종특별자치시,2011,40969
개인소득,세종특별자치시,2011,20970
민간소비,세종특별자치시,2011,17347
지역내총생산,경기도,2011,24763
지역총소득,경기도,2011,26697
개인소득,경기도,2011,15041
민간소비,경기도,2011,14283
지역내총생산,강원도,2011,22088
지역총소득,강원도,2011,20213
개인소득,강원도,2011,13124
민간소비,강원도,2011,12683
지역내총생산,충청북도,2011,28050
지역총소득,충청북도,2011,23504
개인소득,충청북도,2011,13422
민간소비,충청북도,2011,12522
지역내총생산,충청남도,2011,43752
지역총소득,충청남도,2011,30628
개인소득,충청남도,2011,13376
민간소비,충청남도,2011,12781
지역내총생산,전라북도,2011,22136
지역총소득,전라북도,2011,20200
개인소득,전라북도,2011,13653
민간소비,전라북도,2011,12235
지역내총생산,전라남도,2011,35553
지역총소득,전라남도,2011,26437
개인소득,전라남도,2011,13374
민간소비,전라남도,2011,12357
지역내총생산,경상북도,2011,34408
지역총소득,경상북도,2011,29076
개인소득,경상북도,2011,13631
민간소비,경상북도,2011,12573
지역내총생산,경상남도,2011,29072
지역총소득,경상남도,2011,25747
개인소득,경상남도,2011,14423
민간소비,경상남도,2011,13113
지역내총생산,제주특별자치도,2011,22041
지역총소득,제주특별자치도,2011,22372
개인소득,제주특별자치도,2011,13888
민간소비,제주특별자치도,2011,13236
지역내총생산,전국,2012,28793
지역총소득,전국,2012,29093
개인소득,전국,2012,15711
민간소비,전국,2012,14693
지역내총생산,서울특별시,2012,33312
지역총소득,서울특별시,2012,39215
개인소득,서울특별시,2012,18795
민간소비,서울특별시,2012,17617
지역내총생산,부산광역시,2012,20554
지역총소득,부산광역시,2012,22742
개인소득,부산광역시,2012,15098
민간소비,부산광역시,2012,14536
지역내총생산,대구광역시,2012,18078
지역총소득,대구광역시,2012,21093
개인소득,대구광역시,2012,14554
민간소비,대구광역시,2012,14007
지역내총생산,인천광역시,2012,23770
지역총소득,인천광역시,2012,24491
개인소득,인천광역시,2012,14181
민간소비,인천광역시,2012,13314
지역내총생산,광주광역시,2012,19799
지역총소득,광주광역시,2012,21798
개인소득,광주광역시,2012,14662
민간소비,광주광역시,2012,14222
지역내총생산,대전광역시,2012,21347
지역총소득,대전광역시,2012,23540
개인소득,대전광역시,2012,15537
민간소비,대전광역시,2012,14549
지역내총생산,울산광역시,2012,62242
지역총소득,울산광역시,2012,49348
개인소득,울산광역시,2012,18941
민간소비,울산광역시,2012,15242
지역내총생산,세종특별자치시,2012,44864
지역총소득,세종특별자치시,2012,40969
개인소득,세종특별자치시,2012,20970
민간소비,세종특별자치시,2012,17347
지역내총생산,경기도,2012,26007
지역총소득,경기도,2012,28906
개인소득,경기도,2012,15647
민간소비,경기도,2012,14746
지역내총생산,강원도,2012,22973
지역총소득,강원도,2012,21169
개인소득,강원도,2012,13712
민간소비,강원도,2012,13111
지역내총생산,충청북도,2012,29177
지역총소득,충청북도,2012,24875
개인소득,충청북도,2012,14111
민간소비,충청북도,2012,13001
지역내총생산,충청남도,2012,44071
지역총소득,충청남도,2012,31057
개인소득,충청남도,2012,13948
민간소비,충청남도,2012,13198
지역내총생산,전라북도,2012,22670
지역총소득,전라북도,2012,21037
개인소득,전라북도,2012,13915
민간소비,전라북도,2012,12789
지역내총생산,전라남도,2012,36201
지역총소득,전라남도,2012,27208
개인소득,전라남도,2012,13982
민간소비,전라남도,2012,12864
지역내총생산,경상북도,2012,35014
지역총소득,경상북도,2012,27871
개인소득,경상북도,2012,14283
민간소비,경상북도,2012,12970
지역내총생산,경상남도,2012,30124
지역총소득,경상남도,2012,26321
개인소득,경상남도,2012,14931
민간소비,경상남도,2012,13534
지역내총생산,제주특별자치도,2012,23525
지역총소득,제주특별자치도,2012,23138
개인소득,제주특별자치도,2012,14383
민간소비,제주특별자치도,2012,14186
지역내총생산,전국,2013,29849
지역총소득,전국,2013,30038
개인소득,전국,2013,16432
민간소비,전국,2013,15004
지역내총생산,서울특별시,2013,34105
지역총소득,서울특별시,2013,39570
개인소득,서울특별시,2013,19525
민간소비,서울특별시,2013,17751
지역내총생산,부산광역시,2013,21217
지역총소득,부산광역시,2013,23500
개인소득,부산광역시,2013,15651
민간소비,부산광역시,2013,14941
지역내총생산,대구광역시,2013,18946
지역총소득,대구광역시,2013,21992
개인소득,대구광역시,2013,15320
민간소비,대구광역시,2013,14465
지역내총생산,인천광역시,2013,24526
지역총소득,인천광역시,2013,25483
개인소득,인천광역시,2013,14829
민간소비,인천광역시,2013,13606
지역내총생산,광주광역시,2013,20789
지역총소득,광주광역시,2013,22992
개인소득,광주광역시,2013,15454
민간소비,광주광역시,2013,14659
지역내총생산,대전광역시,2013,21793
지역총소득,대전광역시,2013,23858
개인소득,대전광역시,2013,16253
민간소비,대전광역시,2013,14809
지역내총생산,울산광역시,2013,62653
지역총소득,울산광역시,2013,48678
개인소득,울산광역시,2013,19782
민간소비,울산광역시,2013,15665
지역내총생산,세종특별자치시,2013,55189
지역총소득,세종특별자치시,2013,38657
개인소득,세종특별자치시,2013,17607
민간소비,세종특별자치시,2013,18251
지역내총생산,경기도,2013,27492
지역총소득,경기도,2013,30631
개인소득,경기도,2013,16399
민간소비,경기도,2013,15038
지역내총생산,강원도,2013,24094
지역총소득,강원도,2013,21884
개인소득,강원도,2013,14394
민간소비,강원도,2013,13450
지역내총생산,충청북도,2013,30507
지역총소득,충청북도,2013,26094
개인소득,충청북도,2013,14707
민간소비,충청북도,2013,13364
지역내총생산,충청남도,2013,45550
지역총소득,충청남도,2013,32911
개인소득,충청남도,2013,14892
민간소비,충청남도,2013,13587
지역내총생산,전라북도,2013,23876
지역총소득,전라북도,2013,21691
개인소득,전라북도,2013,14628
민간소비,전라북도,2013,13119
지역내총생산,전라남도,2013,37264
지역총소득,전라남도,2013,27940
개인소득,전라남도,2013,14575
민간소비,전라남도,2013,13131
지역내총생산,경상북도,2013,36533
지역총소득,경상북도,2013,29128
개인소득,경상북도,2013,15052
민간소비,경상북도,2013,13302
지역내총생산,경상남도,2013,30416
지역총소득,경상남도,2013,26455
개인소득,경상남도,2013,15646
민간소비,경상남도,2013,14022
지역내총생산,제주특별자치도,2013,24491
지역총소득,제주특별자치도,2013,24020
개인소득,제주특별자치도,2013,14829
민간소비,제주특별자치도,2013,14416
지역내총생산,전국,2014,30861
지역총소득,전국,2014,31010
개인소득,전국,2014,17006
민간소비,전국,2014,15357
지역내총생산,서울특별시,2014,35113
지역총소득,서울특별시,2014,40577
개인소득,서울특별시,2014,19832
민간소비,서울특별시,2014,17996
지역내총생산,부산광역시,2014,22467
지역총소득,부산광역시,2014,24980
개인소득,부산광역시,2014,16147
민간소비,부산광역시,2014,15329
지역내총생산,대구광역시,2014,19725
지역총소득,대구광역시,2014,23391
개인소득,대구광역시,2014,16031
민간소비,대구광역시,2014,14890
지역내총생산,인천광역시,2014,26068
지역총소득,인천광역시,2014,26978
개인소득,인천광역시,2014,15507
민간소비,인천광역시,2014,14019
지역내총생산,광주광역시,2014,21944
지역총소득,광주광역시,2014,24674
개인소득,광주광역시,2014,16225
민간소비,광주광역시,2014,15007
지역내총생산,대전광역시,2014,22497
지역총소득,대전광역시,2014,25308
개인소득,대전광역시,2014,16946
민간소비,대전광역시,2014,15131
지역내총생산,울산광역시,2014,60925
지역총소득,울산광역시,2014,46025
개인소득,울산광역시,2014,20142
민간소비,울산광역시,2014,16172
지역내총생산,세종특별자치시,2014,62944
지역총소득,세종특별자치시,2014,49688
개인소득,세종특별자치시,2014,22944
민간소비,세종특별자치시,2014,19014
지역내총생산,경기도,2014,28638
지역총소득,경기도,2014,30892
개인소득,경기도,2014,16969
민간소비,경기도,2014,15398
지역내총생산,강원도,2014,25676
지역총소득,강원도,2014,23251
개인소득,강원도,2014,15152
민간소비,강원도,2014,13928
지역내총생산,충청북도,2014,31729
지역총소득,충청북도,2014,27125
개인소득,충청북도,2014,15558
민간소비,충청북도,2014,13693
지역내총생산,충청남도,2014,46360
지역총소득,충청남도,2014,32836
개인소득,충청남도,2014,15509
민간소비,충청남도,2014,13963
지역내총생산,전라북도,2014,24681
지역총소득,전라북도,2014,22951
개인소득,전라북도,2014,15548
민간소비,전라북도,2014,13591
지역내총생산,전라남도,2014,36953
지역총소득,전라남도,2014,28657
개인소득,전라남도,2014,15039
민간소비,전라남도,2014,13447
지역내총생산,경상북도,2014,38742
지역총소득,경상북도,2014,30917
개인소득,경상북도,2014,15738
민간소비,경상북도,2014,13686
지역내총생산,경상남도,2014,30555
지역총소득,경상남도,2014,28703
개인소득,경상남도,2014,16272
민간소비,경상남도,2014,14384
지역내총생산,제주특별자치도,2014,25968
지역총소득,제주특별자치도,2014,25400
개인소득,제주특별자치도,2014,15329
민간소비,제주특별자치도,2014,14904
지역내총생산,전국,2015,32556
지역총소득,전국,2015,32658
개인소득,전국,2015,18063
민간소비,전국,2015,15772
지역내총생산,서울특별시,2015,37236
지역총소득,서울특별시,2015,41857
개인소득,서울특별시,2015,20857
민간소비,서울특별시,2015,18436
지역내총생산,부산광역시,2015,23956
지역총소득,부산광역시,2015,25773
개인소득,부산광역시,2015,17044
민간소비,부산광역시,2015,15826
지역내총생산,대구광역시,2015,20991
지역총소득,대구광역시,2015,24660
개인소득,대구광역시,2015,17226
민간소비,대구광역시,2015,15506
지역내총생산,인천광역시,2015,27798
지역총소득,인천광역시,2015,28034
개인소득,인천광역시,2015,16598
민간소비,인천광역시,2015,14386
지역내총생산,광주광역시,2015,23139
지역총소득,광주광역시,2015,25687
개인소득,광주광역시,2015,17459
민간소비,광주광역시,2015,15502
지역내총생산,대전광역시,2015,24094
지역총소득,대전광역시,2015,27125
개인소득,대전광역시,2015,18229
민간소비,대전광역시,2015,15625
지역내총생산,울산광역시,2015,62605
지역총소득,울산광역시,2015,49381
개인소득,울산광역시,2015,21348
민간소비,울산광역시,2015,16575
지역내총생산,세종특별자치시,2015,49474
지역총소득,세종특별자치시,2015,44463
개인소득,세종특별자치시,2015,21957
민간소비,세종특별자치시,2015,17591
지역내총생산,경기도,2015,30748
지역총소득,경기도,2015,33028
개인소득,경기도,2015,18069
민간소비,경기도,2015,15756
지역내총생산,강원도,2015,26946
지역총소득,강원도,2015,24761
개인소득,강원도,2015,16311
민간소비,강원도,2015,14437
지역내총생산,충청북도,2015,34728
지역총소득,충청북도,2015,28839
개인소득,충청북도,2015,16531
민간소비,충청북도,2015,14059
지역내총생산,충청남도,2015,48173
지역총소득,충청남도,2015,35458
개인소득,충청남도,2015,16703
민간소비,충청남도,2015,14243
지역내총생산,전라북도,2015,25621
지역총소득,전라북도,2015,24176
개인소득,전라북도,2015,16239
민간소비,전라북도,2015,14041
지역내총생산,전라남도,2015,38339
지역총소득,전라남도,2015,32733
개인소득,전라남도,2015,16067
민간소비,전라남도,2015,13995
지역내총생산,경상북도,2015,38510
지역총소득,경상북도,2015,32427
개인소득,경상북도,2015,16550
민간소비,경상북도,2015,14068
지역내총생산,경상남도,2015,32007
지역총소득,경상남도,2015,29523
개인소득,경상남도,2015,17411
민간소비,경상남도,2015,14768
지역내총생산,제주특별자치도,2015,28280
지역총소득,제주특별자치도,2015,27314
개인소득,제주특별자치도,2015,16685
민간소비,제주특별자치도,2015,15406
지역내총생산,전국,2016,34042
지역총소득,전국,2016,34167
개인소득,전국,2016,18520
민간소비,전국,2016,16276
지역내총생산,서울특별시,2016,39356
지역총소득,서울특별시,2016,44111
개인소득,서울특별시,2016,21295
민간소비,서울특별시,2016,19203
지역내총생산,부산광역시,2016,24815
지역총소득,부산광역시,2016,26883
개인소득,부산광역시,2016,17525
민간소비,부산광역시,2016,16242
지역내총생산,대구광역시,2016,21602
지역총소득,대구광역시,2016,25551
개인소득,대구광역시,2016,17848
민간소비,대구광역시,2016,16214
지역내총생산,인천광역시,2016,29120
지역총소득,인천광역시,2016,29689
개인소득,인천광역시,2016,17222
민간소비,인천광역시,2016,14873
지역내총생산,광주광역시,2016,24511
지역총소득,광주광역시,2016,27373
개인소득,광주광역시,2016,18232
민간소비,광주광역시,2016,16155
지역내총생산,대전광역시,2016,25606
지역총소득,대전광역시,2016,28124
개인소득,대전광역시,2016,18741
민간소비,대전광역시,2016,16020
지역내총생산,울산광역시,2016,64021
지역총소득,울산광역시,2016,52205
개인소득,울산광역시,2016,21422
민간소비,울산광역시,2016,17056
지역내총생산,세종특별자치시,2016,42572
지역총소득,세종특별자치시,2016,41018
개인소득,세종특별자치시,2016,21000
민간소비,세종특별자치시,2016,17040
지역내총생산,경기도,2016,32336
지역총소득,경기도,2016,34591
개인소득,경기도,2016,18611
민간소비,경기도,2016,16194
지역내총생산,강원도,2016,28328
지역총소득,강원도,2016,25331
개인소득,강원도,2016,16798
민간소비,강원도,2016,14952
지역내총생산,충청북도,2016,37273
지역총소득,충청북도,2016,30527
개인소득,충청북도,2016,16915
민간소비,충청북도,2016,14506
지역내총생산,충청남도,2016,50264
지역총소득,충청남도,2016,37554
개인소득,충청남도,2016,16952
민간소비,충청남도,2016,14527
지역내총생산,전라북도,2016,26089
지역총소득,전라북도,2016,24689
개인소득,전라북도,2016,16499
민간소비,전라북도,2016,14403
지역내총생산,전라남도,2016,39824
지역총소득,전라남도,2016,33786
개인소득,전라남도,2016,16528
민간소비,전라남도,2016,14404
지역내총생산,경상북도,2016,40040
지역총소득,경상북도,2016,33697
개인소득,경상북도,2016,16894
민간소비,경상북도,2016,14583
지역내총생산,경상남도,2016,32758
지역총소득,경상남도,2016,30370
개인소득,경상남도,2016,17744
민간소비,경상남도,2016,15180
지역내총생산,제주특별자치도,2016,30284
지역총소득,제주특별자치도,2016,29342
개인소득,제주특별자치도,2016,17366
민간소비,제주특별자치도,2016,15711
지역내총생산,전국,2017,35831
지역총소득,전국,2017,35977
개인소득,전국,2017,19204
민간소비,전국,2017,16996
지역내총생산,서울특별시,2017,41374
지역총소득,서울특별시,2017,46715
개인소득,서울특별시,2017,22237
민간소비,서울특별시,2017,20197
지역내총생산,부산광역시,2017,25650
지역총소득,부산광역시,2017,27592
개인소득,부산광역시,2017,18189
민간소비,부산광역시,2017,17176
지역내총생산,대구광역시,2017,22310
지역총소득,대구광역시,2017,26561
개인소득,대구광역시,2017,18350
민간소비,대구광역시,2017,16826
지역내총생산,인천광역시,2017,30284
지역총소득,인천광역시,2017,30990
개인소득,인천광역시,2017,17884
민간소비,인천광역시,2017,15431
지역내총생산,광주광역시,2017,25240
지역총소득,광주광역시,2017,28759
개인소득,광주광역시,2017,18926
민간소비,광주광역시,2017,17049
지역내총생산,대전광역시,2017,26533
지역총소득,대전광역시,2017,30102
개인소득,대전광역시,2017,19314
민간소비,대전광역시,2017,16798
지역내총생산,울산광역시,2017,65370
지역총소득,울산광역시,2017,52237
개인소득,울산광역시,2017,21956
민간소비,울산광역시,2017,17946
지역내총생산,세종특별자치시,2017,40043
지역총소득,세종특별자치시,2017,40876
개인소득,세종특별자치시,2017,21404
민간소비,세종특별자치시,2017,17141
지역내총생산,경기도,2017,35307
지역총소득,경기도,2017,37588
개인소득,경기도,2017,19375
민간소비,경기도,2017,16777
지역내총생산,강원도,2017,29925
지역총소득,강원도,2017,27216
개인소득,강원도,2017,17484
민간소비,강원도,2017,15780
지역내총생산,충청북도,2017,40590
지역총소득,충청북도,2017,31951
개인소득,충청북도,2017,17465
민간소비,충청북도,2017,15088
지역내총생산,충청남도,2017,53663
지역총소득,충청남도,2017,39338
개인소득,충청남도,2017,17788
민간소비,충청남도,2017,15428
지역내총생산,전라북도,2017,26988
지역총소득,전라북도,2017,25710
개인소득,전라북도,2017,17059
민간소비,전라북도,2017,14957
지역내총생산,전라남도,2017,41076
지역총소득,전라남도,2017,34542
개인소득,전라남도,2017,17043
민간소비,전라남도,2017,14960
지역내총생산,경상북도,2017,41130
지역총소득,경상북도,2017,33828
개인소득,경상북도,2017,17428
민간소비,경상북도,2017,15332
지역내총생산,경상남도,2017,32789
지역총소득,경상남도,2017,31033
개인소득,경상남도,2017,18011
민간소비,경상남도,2017,15687
지역내총생산,제주특별자치도,2017,31470
지역총소득,제주특별자치도,2017,30863
개인소득,제주특별자치도,2017,17816
민간소비,제주특별자치도,2017,16191
지역내총생산,전국,2018,36866
지역총소득,전국,2018,37014
개인소득,전국,2018,19910
민간소비,전국,2018,17624
지역내총생산,서울특별시,2018,43664
지역총소득,서울특별시,2018,48362
개인소득,서울특별시,2018,23323
민간소비,서울특별시,2018,21314
지역내총생산,부산광역시,2018,26464
지역총소득,부산광역시,2018,28287
개인소득,부산광역시,2018,18868
민간소비,부산광역시,2018,17664
지역내총생산,대구광역시,2018,23151
지역총소득,대구광역시,2018,27004
개인소득,대구광역시,2018,18555
민간소비,대구광역시,2018,17209
지역내총생산,인천광역시,2018,30194
지역총소득,인천광역시,2018,31363
개인소득,인천광역시,2018,18659
민간소비,인천광역시,2018,16090
지역내총생산,광주광역시,2018,26654
지역총소득,광주광역시,2018,29759
개인소득,광주광역시,2018,19868
민간소비,광주광역시,2018,17841
지역내총생산,대전광역시,2018,27214
지역총소득,대전광역시,2018,30529
개인소득,대전광역시,2018,19649
민간소비,대전광역시,2018,17546
지역내총생산,울산광역시,2018,63793
지역총소득,울산광역시,2018,52694
개인소득,울산광역시,2018,21655
민간소비,울산광역시,2018,18090
지역내총생산,세종특별자치시,2018,36570
지역총소득,세종특별자치시,2018,37243
개인소득,세종특별자치시,2018,20990
민간소비,세종특별자치시,2018,16921
지역내총생산,경기도,2018,36821
지역총소득,경기도,2018,39150
개인소득,경기도,2018,19907
민간소비,경기도,2018,17275
지역내총생산,강원도,2018,30856
지역총소득,강원도,2018,28471
개인소득,강원도,2018,18450
민간소비,강원도,2018,16565
지역내총생산,충청북도,2018,43016
지역총소득,충청북도,2018,33672
개인소득,충청북도,2018,18440
민간소비,충청북도,2018,15583
지역내총생산,충청남도,2018,53006
지역총소득,충청남도,2018,39935
개인소득,충청남도,2018,18458
민간소비,충청남도,2018,15872
지역내총생산,전라북도,2018,27797
지역총소득,전라북도,2018,26783
개인소득,전라북도,2018,18141
민간소비,전라북도,2018,15723
지역내총생산,전라남도,2018,42131
지역총소득,전라남도,2018,35159
개인소득,전라남도,2018,18207
민간소비,전라남도,2018,15601
지역내총생산,경상북도,2018,40677
지역총소득,경상북도,2018,34530
개인소득,경상북도,2018,18185
민간소비,경상북도,2018,15852
지역내총생산,경상남도,2018,32993
지역총소득,경상남도,2018,30987
개인소득,경상남도,2018,18466
민간소비,경상남도,2018,16068
지역내총생산,제주특별자치도,2018,30721
지역총소득,제주특별자치도,2018,31193
개인소득,제주특별자치도,2018,18456
민간소비,제주특별자치도,2018,16640
지역내총생산,전국,2019,37274
지역총소득,전국,2019,37596
개인소득,전국,2019,20661
민간소비,전국,2019,18057
지역내총생산,서울특별시,2019,45118
지역총소득,서울특별시,2019,48693
개인소득,서울특별시,2019,23978
민간소비,서울특별시,2019,21991
지역내총생산,부산광역시,2019,27577
지역총소득,부산광역시,2019,29259
개인소득,부산광역시,2019,19723
민간소비,부산광역시,2019,18134
지역내총생산,대구광역시,2019,23883
지역총소득,대구광역시,2019,27700
개인소득,대구광역시,2019,19196
민간소비,대구광역시,2019,17964
지역내총생산,인천광역시,2019,30584
지역총소득,인천광역시,2019,32873
개인소득,인천광역시,2019,19582
민간소비,인천광역시,2019,16552
지역내총생산,광주광역시,2019,27799
지역총소득,광주광역시,2019,31186
개인소득,광주광역시,2019,20791
민간소비,광주광역시,2019,18326
지역내총생산,대전광역시,2019,28561
지역총소득,대전광역시,2019,31566
개인소득,대전광역시,2019,20648
민간소비,대전광역시,2019,18115
지역내총생산,울산광역시,2019,65112
지역총소득,울산광역시,2019,54190
개인소득,울산광역시,2019,22617
민간소비,울산광역시,2019,18574
지역내총생산,세종특별자치시,2019,35802
지역총소득,세종특별자치시,2019,38186
개인소득,세종특별자치시,2019,20674
민간소비,세종특별자치시,2019,16845
지역내총생산,경기도,2019,36064
지역총소득,경기도,2019,38929
개인소득,경기도,2019,20746
민간소비,경기도,2019,17493
지역내총생산,강원도,2019,32192
지역총소득,강원도,2019,29397
개인소득,강원도,2019,19174
민간소비,강원도,2019,16905
지역내총생산,충청북도,2019,42704
지역총소득,충청북도,2019,34889
개인소득,충청북도,2019,18989
민간소비,충청북도,2019,15885
지역내총생산,충청남도,2019,51874
지역총소득,충청남도,2019,41089
개인소득,충청남도,2019,19216
민간소비,충청남도,2019,16123
지역내총생산,전라북도,2019,28835
지역총소득,전라북도,2019,28302
개인소득,전라북도,2019,18941
민간소비,전라북도,2019,16103
지역내총생산,전라남도,2019,43402
지역총소득,전라남도,2019,35673
개인소득,전라남도,2019,19072
민간소비,전라남도,2019,16199
지역내총생산,경상북도,2019,40082
지역총소득,경상북도,2019,35038
개인소득,경상북도,2019,18748
민간소비,경상북도,2019,16311
지역내총생산,경상남도,2019,34040
지역총소득,경상남도,2019,32035
개인소득,경상남도,2019,19078
민간소비,경상남도,2019,16520
지역내총생산,제주특별자치도,2019,30792
지역총소득,제주특별자치도,2019,30710
개인소득,제주특별자치도,2019,18815
민간소비,제주특별자치도,2019,17037
지역내총생산,전국,2020,37389
지역총소득,전국,2020,37677
개인소득,전국,2020,21205
민간소비,전국,2020,17297
지역내총생산,서울특별시,2020,45859
지역총소득,서울특별시,2020,48552
개인소득,서울특별시,2020,24061
민간소비,서울특별시,2020,21263
지역내총생산,부산광역시,2020,27426
지역총소득,부산광역시,2020,29565
개인소득,부산광역시,2020,20387
민간소비,부산광역시,2020,17410
지역내총생산,대구광역시,2020,23958
지역총소득,대구광역시,2020,27825
개인소득,대구광역시,2020,20087
민간소비,대구광역시,2020,17209
지역내총생산,인천광역시,2020,30513
지역총소득,인천광역시,2020,32318
개인소득,인천광역시,2020,20132
민간소비,인천광역시,2020,16012
지역내총생산,광주광역시,2020,27994
지역총소득,광주광역시,2020,31197
개인소득,광주광역시,2020,21286
민간소비,광주광역시,2020,17459
지역내총생산,대전광역시,2020,29398
지역총소득,대전광역시,2020,31733
개인소득,대전광역시,2020,21351
민간소비,대전광역시,2020,17602
지역내총생산,울산광역시,2020,60201
지역총소득,울산광역시,2020,52317
개인소득,울산광역시,2020,23559
민간소비,울산광역시,2020,17708
지역내총생산,세종특별자치시,2020,36318
지역총소득,세종특별자치시,2020,37623
개인소득,세종특별자치시,2020,21191
민간소비,세종특별자치시,2020,15980
지역내총생산,경기도,2020,36305
지역총소득,경기도,2020,38900
개인소득,경기도,2020,21145
민간소비,경기도,2020,16694
지역내총생산,강원도,2020,32235
지역총소득,강원도,2020,28898
개인소득,강원도,2020,20210
민간소비,강원도,2020,16168
지역내총생산,충청북도,2020,43700
지역총소득,충청북도,2020,35815
개인소득,충청북도,2020,19821
민간소비,충청북도,2020,15150
지역내총생산,충청남도,2020,51722
지역총소득,충청남도,2020,41287
개인소득,충청남도,2020,20011
민간소비,충청남도,2020,15216
지역내총생산,전라북도,2020,29670
지역총소득,전라북도,2020,29627
개인소득,전라북도,2020,20023
민간소비,전라북도,2020,15438
지역내총생산,전라남도,2020,44272
지역총소득,전라남도,2020,38917
개인소득,전라남도,2020,20103
민간소비,전라남도,2020,15612
지역내총생산,경상북도,2020,39635
지역총소득,경상북도,2020,35473
개인소득,경상북도,2020,19620
민간소비,경상북도,2020,15370
지역내총생산,경상남도,2020,33459
지역총소득,경상남도,2020,31528
개인소득,경상남도,2020,19556
민간소비,경상남도,2020,15782
지역내총생산,제주특별자치도,2020,29144
지역총소득,제주특별자치도,2020,30066
개인소득,제주특별자치도,2020,19921
민간소비,제주특별자치도,2020,16174
