년도,배출방식,종류1,종류2,지역,값
2010,종량제 방식에 의한 혼합 배출,가연성,음식물류폐기물,서울특별시,10.9
2010,종량제 방식에 의한 혼합 배출,가연성,폐지류,서울특별시,700.8
2010,종량제 방식에 의한 혼합 배출,가연성,폐목재류,서울특별시,199.4
2010,종량제 방식에 의한 혼합 배출,가연성,폐고무류,서울특별시,140.9
2010,종량제 방식에 의한 혼합 배출,가연성,플라스틱류,서울특별시,366.0
2010,종량제 방식에 의한 혼합 배출,가연성,기타,서울특별시,1919.1
2010,종량제 방식에 의한 혼합 배출,불연성,폐유리류,서울특별시,31.9
2010,종량제 방식에 의한 혼합 배출,불연성,폐금속류,서울특별시,24.2
2010,종량제 방식에 의한 혼합 배출,불연성,폐토사류,서울특별시,128.0
2010,종량제 방식에 의한 혼합 배출,불연성,기타,서울특별시,141.3
2011,종량제 방식에 의한 혼합 배출,가연성,음식물류폐기물,서울특별시,26.2
2011,종량제 방식에 의한 혼합 배출,가연성,폐지류,서울특별시,899.6
2011,종량제 방식에 의한 혼합 배출,가연성,폐목재류,서울특별시,225.5
2011,종량제 방식에 의한 혼합 배출,가연성,폐고무류,서울특별시,145.3
2011,종량제 방식에 의한 혼합 배출,가연성,플라스틱류,서울특별시,381.4
2011,종량제 방식에 의한 혼합 배출,가연성,기타,서울특별시,1599.7
2011,종량제 방식에 의한 혼합 배출,불연성,폐유리류,서울특별시,35.7
2011,종량제 방식에 의한 혼합 배출,불연성,폐금속류,서울특별시,29.3
2011,종량제 방식에 의한 혼합 배출,불연성,폐토사류,서울특별시,45.1
2011,종량제 방식에 의한 혼합 배출,불연성,기타,서울특별시,121.3
2012,종량제 방식에 의한 혼합 배출,가연성,음식물류폐기물,서울특별시,17.9
2012,종량제 방식에 의한 혼합 배출,가연성,폐지류,서울특별시,756.6
2012,종량제 방식에 의한 혼합 배출,가연성,폐목재류,서울특별시,228.2
2012,종량제 방식에 의한 혼합 배출,가연성,폐고무류,서울특별시,142.0
2012,종량제 방식에 의한 혼합 배출,가연성,플라스틱류,서울특별시,304.6
2012,종량제 방식에 의한 혼합 배출,가연성,기타,서울특별시,1594.0
2012,종량제 방식에 의한 혼합 배출,불연성,폐유리류,서울특별시,48.3
2012,종량제 방식에 의한 혼합 배출,불연성,폐금속류,서울특별시,37.5
2012,종량제 방식에 의한 혼합 배출,불연성,폐토사류,서울특별시,32.2
2012,종량제 방식에 의한 혼합 배출,불연성,기타,서울특별시,97.0
2013,종량제 방식에 의한 혼합 배출,가연성,음식물류폐기물,서울특별시,2.5
2013,종량제 방식에 의한 혼합 배출,가연성,폐지류,서울특별시,785.5
2013,종량제 방식에 의한 혼합 배출,가연성,폐목재류,서울특별시,145.3
2013,종량제 방식에 의한 혼합 배출,가연성,폐고무류,서울특별시,118.0
2013,종량제 방식에 의한 혼합 배출,가연성,플라스틱류,서울특별시,273.5
2013,종량제 방식에 의한 혼합 배출,가연성,기타,서울특별시,1587.8
2013,종량제 방식에 의한 혼합 배출,불연성,폐유리류,서울특별시,27.1
2013,종량제 방식에 의한 혼합 배출,불연성,폐금속류,서울특별시,24.6
2013,종량제 방식에 의한 혼합 배출,불연성,폐토사류,서울특별시,19.2
2013,종량제 방식에 의한 혼합 배출,불연성,기타,서울특별시,95.5
2014,종량제 방식에 의한 혼합 배출,가연성,음식물류폐기물,서울특별시,31.8
2014,종량제 방식에 의한 혼합 배출,가연성,폐지류,서울특별시,783.7
2014,종량제 방식에 의한 혼합 배출,가연성,폐목재류,서울특별시,137.9
2014,종량제 방식에 의한 혼합 배출,가연성,폐고무류,서울특별시,111.2
2014,종량제 방식에 의한 혼합 배출,가연성,플라스틱류,서울특별시,280.7
2014,종량제 방식에 의한 혼합 배출,가연성,기타,서울특별시,1727.6
2014,종량제 방식에 의한 혼합 배출,불연성,폐유리류,서울특별시,24.4
2014,종량제 방식에 의한 혼합 배출,불연성,폐금속류,서울특별시,23.8
2014,종량제 방식에 의한 혼합 배출,불연성,폐토사류,서울특별시,14.1
2014,종량제 방식에 의한 혼합 배출,불연성,기타,서울특별시,70.9
2015,종량제 방식에 의한 혼합 배출,가연성,음식물류폐기물,서울특별시,56.7
2015,종량제 방식에 의한 혼합 배출,가연성,폐지류,서울특별시,927.0
2015,종량제 방식에 의한 혼합 배출,가연성,폐목재류,서울특별시,154.9
2015,종량제 방식에 의한 혼합 배출,가연성,폐고무류,서울특별시,108.3
2015,종량제 방식에 의한 혼합 배출,가연성,플라스틱류,서울특별시,326.8
2015,종량제 방식에 의한 혼합 배출,가연성,기타,서울특별시,1239.7
2015,종량제 방식에 의한 혼합 배출,불연성,폐유리류,서울특별시,45.2
2015,종량제 방식에 의한 혼합 배출,불연성,폐금속류,서울특별시,25.1
2015,종량제 방식에 의한 혼합 배출,불연성,폐토사류,서울특별시,24.6
2015,종량제 방식에 의한 혼합 배출,불연성,기타,서울특별시,55.3
2016,종량제 방식에 의한 혼합 배출,가연성,음식물류폐기물,서울특별시,57.0
2016,종량제 방식에 의한 혼합 배출,가연성,폐지류,서울특별시,984.4
2016,종량제 방식에 의한 혼합 배출,가연성,폐목재류,서울특별시,146.1
2016,종량제 방식에 의한 혼합 배출,가연성,폐고무류,서울특별시,109.8
2016,종량제 방식에 의한 혼합 배출,가연성,플라스틱류,서울특별시,351.0
2016,종량제 방식에 의한 혼합 배출,가연성,기타,서울특별시,1331.2
2016,종량제 방식에 의한 혼합 배출,불연성,폐유리류,서울특별시,28.4
2016,종량제 방식에 의한 혼합 배출,불연성,폐금속류,서울특별시,19.6
2016,종량제 방식에 의한 혼합 배출,불연성,폐토사류,서울특별시,15.7
2016,종량제 방식에 의한 혼합 배출,불연성,기타,서울특별시,42.2
2017,종량제 방식에 의한 혼합 배출,가연성,음식물류폐기물,서울특별시,88.1
2017,종량제 방식에 의한 혼합 배출,가연성,폐지류,서울특별시,920.0
2017,종량제 방식에 의한 혼합 배출,가연성,폐목재류,서울특별시,199.7
2017,종량제 방식에 의한 혼합 배출,가연성,폐고무류,서울특별시,151.0
2017,종량제 방식에 의한 혼합 배출,가연성,플라스틱류,서울특별시,483.9
2017,종량제 방식에 의한 혼합 배출,가연성,기타,서울특별시,1049.4
2017,종량제 방식에 의한 혼합 배출,불연성,폐유리류,서울특별시,29.3
2017,종량제 방식에 의한 혼합 배출,불연성,폐금속류,서울특별시,18.2
2017,종량제 방식에 의한 혼합 배출,불연성,폐토사류,서울특별시,9.6
2017,종량제 방식에 의한 혼합 배출,불연성,기타,서울특별시,104.8
2018,종량제 방식에 의한 혼합 배출,가연성,음식물류폐기물,서울특별시,114.2
2018,종량제 방식에 의한 혼합 배출,가연성,폐지류,서울특별시,808.0
2018,종량제 방식에 의한 혼합 배출,가연성,폐목재류,서울특별시,160.2
2018,종량제 방식에 의한 혼합 배출,가연성,폐고무류,서울특별시,148.8
2018,종량제 방식에 의한 혼합 배출,가연성,플라스틱류,서울특별시,464.2
2018,종량제 방식에 의한 혼합 배출,가연성,기타,서울특별시,1094.7
2018,종량제 방식에 의한 혼합 배출,불연성,폐유리류,서울특별시,61.8
2018,종량제 방식에 의한 혼합 배출,불연성,폐금속류,서울특별시,43.0
2018,종량제 방식에 의한 혼합 배출,불연성,폐토사류,서울특별시,40.4
2018,종량제 방식에 의한 혼합 배출,불연성,기타,서울특별시,123.5
2019,종량제 방식에 의한 혼합 배출,가연성,음식물류폐기물,서울특별시,137.4
2019,종량제 방식에 의한 혼합 배출,가연성,폐지류,서울특별시,807.0
2019,종량제 방식에 의한 혼합 배출,가연성,폐합성수지류,서울특별시,783.4
2019,종량제 방식에 의한 혼합 배출,가연성,폐목재류,서울특별시,201.8
2019,종량제 방식에 의한 혼합 배출,가연성,폐고무류,서울특별시,69.8
2019,종량제 방식에 의한 혼합 배출,가연성,폐섬유류,서울특별시,113.3
2019,종량제 방식에 의한 혼합 배출,가연성,기타,서울특별시,1280.6
2019,종량제 방식에 의한 혼합 배출,불연성,연탄재,서울특별시,3.9
2019,종량제 방식에 의한 혼합 배출,불연성,폐유리류,서울특별시,56.0
2019,종량제 방식에 의한 혼합 배출,불연성,폐금속류,서울특별시,31.6
2019,종량제 방식에 의한 혼합 배출,불연성,폐토사류,서울특별시,115.5
2019,종량제 방식에 의한 혼합 배출,불연성,폐타일 및 도자기류,서울특별시,7.6
2019,종량제 방식에 의한 혼합 배출,불연성,기타,서울특별시,177.1
2019,재활용가능자원 분리배출,폐지류,종이팩,서울특별시,210.0
2019,재활용가능자원 분리배출,폐지류,기타,서울특별시,747.5
2019,재활용가능자원 분리배출,폐합성수지류,비닐류,서울특별시,438.0
2019,재활용가능자원 분리배출,폐합성수지류,발포수지류,서울특별시,51.2
2019,재활용가능자원 분리배출,폐합성수지류,PET병,서울특별시,124.4
2019,재활용가능자원 분리배출,폐합성수지류,기타,서울특별시,286.2
2019,재활용가능자원 분리배출,영농폐기물,농약용기류,서울특별시,0.0
2019,재활용가능자원 분리배출,영농폐기물,폐비닐,서울특별시,23.3
2010,종량제 방식에 의한 혼합 배출,가연성,음식물류폐기물,부산광역시,0.7
2010,종량제 방식에 의한 혼합 배출,가연성,폐지류,부산광역시,426.1
2010,종량제 방식에 의한 혼합 배출,가연성,폐목재류,부산광역시,28.1
2010,종량제 방식에 의한 혼합 배출,가연성,폐고무류,부산광역시,50.5
2010,종량제 방식에 의한 혼합 배출,가연성,플라스틱류,부산광역시,253.4
2010,종량제 방식에 의한 혼합 배출,가연성,기타,부산광역시,176.2
2010,종량제 방식에 의한 혼합 배출,불연성,폐유리류,부산광역시,20.2
2010,종량제 방식에 의한 혼합 배출,불연성,폐금속류,부산광역시,8.9
2010,종량제 방식에 의한 혼합 배출,불연성,폐토사류,부산광역시,0
2010,종량제 방식에 의한 혼합 배출,불연성,기타,부산광역시,53.1
2011,종량제 방식에 의한 혼합 배출,가연성,음식물류폐기물,부산광역시,0.0
2011,종량제 방식에 의한 혼합 배출,가연성,폐지류,부산광역시,438.8
2011,종량제 방식에 의한 혼합 배출,가연성,폐목재류,부산광역시,25.2
2011,종량제 방식에 의한 혼합 배출,가연성,폐고무류,부산광역시,54.1
2011,종량제 방식에 의한 혼합 배출,가연성,플라스틱류,부산광역시,235.1
2011,종량제 방식에 의한 혼합 배출,가연성,기타,부산광역시,169.0
2011,종량제 방식에 의한 혼합 배출,불연성,폐유리류,부산광역시,9.6
2011,종량제 방식에 의한 혼합 배출,불연성,폐금속류,부산광역시,4.6
2011,종량제 방식에 의한 혼합 배출,불연성,폐토사류,부산광역시,0.5
2011,종량제 방식에 의한 혼합 배출,불연성,기타,부산광역시,61.5
2012,종량제 방식에 의한 혼합 배출,가연성,음식물류폐기물,부산광역시,0.0
2012,종량제 방식에 의한 혼합 배출,가연성,폐지류,부산광역시,419.3
2012,종량제 방식에 의한 혼합 배출,가연성,폐목재류,부산광역시,41.7
2012,종량제 방식에 의한 혼합 배출,가연성,폐고무류,부산광역시,54.2
2012,종량제 방식에 의한 혼합 배출,가연성,플라스틱류,부산광역시,224.9
2012,종량제 방식에 의한 혼합 배출,가연성,기타,부산광역시,148.7
2012,종량제 방식에 의한 혼합 배출,불연성,폐유리류,부산광역시,13.7
2012,종량제 방식에 의한 혼합 배출,불연성,폐금속류,부산광역시,6.2
2012,종량제 방식에 의한 혼합 배출,불연성,폐토사류,부산광역시,2.1
2012,종량제 방식에 의한 혼합 배출,불연성,기타,부산광역시,83.1
2013,종량제 방식에 의한 혼합 배출,가연성,음식물류폐기물,부산광역시,0.0
2013,종량제 방식에 의한 혼합 배출,가연성,폐지류,부산광역시,405.4
2013,종량제 방식에 의한 혼합 배출,가연성,폐목재류,부산광역시,33.2
2013,종량제 방식에 의한 혼합 배출,가연성,폐고무류,부산광역시,58.1
2013,종량제 방식에 의한 혼합 배출,가연성,플라스틱류,부산광역시,235.0
2013,종량제 방식에 의한 혼합 배출,가연성,기타,부산광역시,185.8
2013,종량제 방식에 의한 혼합 배출,불연성,폐유리류,부산광역시,8.5
2013,종량제 방식에 의한 혼합 배출,불연성,폐금속류,부산광역시,4.9
2013,종량제 방식에 의한 혼합 배출,불연성,폐토사류,부산광역시,1.1
2013,종량제 방식에 의한 혼합 배출,불연성,기타,부산광역시,71.6
2014,종량제 방식에 의한 혼합 배출,가연성,음식물류폐기물,부산광역시,64.0
2014,종량제 방식에 의한 혼합 배출,가연성,폐지류,부산광역시,398.3
2014,종량제 방식에 의한 혼합 배출,가연성,폐목재류,부산광역시,52.9
2014,종량제 방식에 의한 혼합 배출,가연성,폐고무류,부산광역시,65.7
2014,종량제 방식에 의한 혼합 배출,가연성,플라스틱류,부산광역시,209.4
2014,종량제 방식에 의한 혼합 배출,가연성,기타,부산광역시,133.4
2014,종량제 방식에 의한 혼합 배출,불연성,폐유리류,부산광역시,25.1
2014,종량제 방식에 의한 혼합 배출,불연성,폐금속류,부산광역시,17.3
2014,종량제 방식에 의한 혼합 배출,불연성,폐토사류,부산광역시,9.4
2014,종량제 방식에 의한 혼합 배출,불연성,기타,부산광역시,94.4
2015,종량제 방식에 의한 혼합 배출,가연성,음식물류폐기물,부산광역시,59.5
2015,종량제 방식에 의한 혼합 배출,가연성,폐지류,부산광역시,370.9
2015,종량제 방식에 의한 혼합 배출,가연성,폐목재류,부산광역시,41.5
2015,종량제 방식에 의한 혼합 배출,가연성,폐고무류,부산광역시,20.8
2015,종량제 방식에 의한 혼합 배출,가연성,플라스틱류,부산광역시,243.3
2015,종량제 방식에 의한 혼합 배출,가연성,기타,부산광역시,230.7
2015,종량제 방식에 의한 혼합 배출,불연성,폐유리류,부산광역시,21.1
2015,종량제 방식에 의한 혼합 배출,불연성,폐금속류,부산광역시,18.3
2015,종량제 방식에 의한 혼합 배출,불연성,폐토사류,부산광역시,0.0
2015,종량제 방식에 의한 혼합 배출,불연성,기타,부산광역시,117.2
2016,종량제 방식에 의한 혼합 배출,가연성,음식물류폐기물,부산광역시,84.6
2016,종량제 방식에 의한 혼합 배출,가연성,폐지류,부산광역시,264.5
2016,종량제 방식에 의한 혼합 배출,가연성,폐목재류,부산광역시,41.9
2016,종량제 방식에 의한 혼합 배출,가연성,폐고무류,부산광역시,39.1
2016,종량제 방식에 의한 혼합 배출,가연성,플라스틱류,부산광역시,310.0
2016,종량제 방식에 의한 혼합 배출,가연성,기타,부산광역시,159.0
2016,종량제 방식에 의한 혼합 배출,불연성,폐유리류,부산광역시,7.8
2016,종량제 방식에 의한 혼합 배출,불연성,폐금속류,부산광역시,8.7
2016,종량제 방식에 의한 혼합 배출,불연성,폐토사류,부산광역시,0.1
2016,종량제 방식에 의한 혼합 배출,불연성,기타,부산광역시,89.5
2017,종량제 방식에 의한 혼합 배출,가연성,음식물류폐기물,부산광역시,63.5
2017,종량제 방식에 의한 혼합 배출,가연성,폐지류,부산광역시,260.3
2017,종량제 방식에 의한 혼합 배출,가연성,폐목재류,부산광역시,31.2
2017,종량제 방식에 의한 혼합 배출,가연성,폐고무류,부산광역시,32.3
2017,종량제 방식에 의한 혼합 배출,가연성,플라스틱류,부산광역시,363.3
2017,종량제 방식에 의한 혼합 배출,가연성,기타,부산광역시,169.7
2017,종량제 방식에 의한 혼합 배출,불연성,폐유리류,부산광역시,3.0
2017,종량제 방식에 의한 혼합 배출,불연성,폐금속류,부산광역시,6.2
2017,종량제 방식에 의한 혼합 배출,불연성,폐토사류,부산광역시,0.0
2017,종량제 방식에 의한 혼합 배출,불연성,기타,부산광역시,111.1
2018,종량제 방식에 의한 혼합 배출,가연성,음식물류폐기물,부산광역시,164.1
2018,종량제 방식에 의한 혼합 배출,가연성,폐지류,부산광역시,325.6
2018,종량제 방식에 의한 혼합 배출,가연성,폐목재류,부산광역시,51.2
2018,종량제 방식에 의한 혼합 배출,가연성,폐고무류,부산광역시,61.9
2018,종량제 방식에 의한 혼합 배출,가연성,플라스틱류,부산광역시,212.5
2018,종량제 방식에 의한 혼합 배출,가연성,기타,부산광역시,156.6
2018,종량제 방식에 의한 혼합 배출,불연성,폐유리류,부산광역시,22.3
2018,종량제 방식에 의한 혼합 배출,불연성,폐금속류,부산광역시,8.1
2018,종량제 방식에 의한 혼합 배출,불연성,폐토사류,부산광역시,2.5
2018,종량제 방식에 의한 혼합 배출,불연성,기타,부산광역시,66.5
2019,종량제 방식에 의한 혼합 배출,가연성,음식물류폐기물,부산광역시,105.5
2019,종량제 방식에 의한 혼합 배출,가연성,폐지류,부산광역시,327.4
2019,종량제 방식에 의한 혼합 배출,가연성,폐합성수지류,부산광역시,417.1
2019,종량제 방식에 의한 혼합 배출,가연성,폐목재류,부산광역시,25.8
2019,종량제 방식에 의한 혼합 배출,가연성,폐고무류,부산광역시,149.5
2019,종량제 방식에 의한 혼합 배출,가연성,폐섬유류,부산광역시,0.0
2019,종량제 방식에 의한 혼합 배출,가연성,기타,부산광역시,18.0
2019,종량제 방식에 의한 혼합 배출,불연성,연탄재,부산광역시,0.0
2019,종량제 방식에 의한 혼합 배출,불연성,폐유리류,부산광역시,29.9
2019,종량제 방식에 의한 혼합 배출,불연성,폐금속류,부산광역시,30.8
2019,종량제 방식에 의한 혼합 배출,불연성,폐토사류,부산광역시,0.0
2019,종량제 방식에 의한 혼합 배출,불연성,폐타일 및 도자기류,부산광역시,0.0
2019,종량제 방식에 의한 혼합 배출,불연성,기타,부산광역시,24.9
2019,재활용가능자원 분리배출,폐지류,종이팩,부산광역시,0.3
2019,재활용가능자원 분리배출,폐지류,기타,부산광역시,638.6
2019,재활용가능자원 분리배출,폐합성수지류,비닐류,부산광역시,157.8
2019,재활용가능자원 분리배출,폐합성수지류,발포수지류,부산광역시,16.9
2019,재활용가능자원 분리배출,폐합성수지류,PET병,부산광역시,15.2
2019,재활용가능자원 분리배출,폐합성수지류,기타,부산광역시,168.0
2019,재활용가능자원 분리배출,영농폐기물,농약용기류,부산광역시,0.0
2019,재활용가능자원 분리배출,영농폐기물,폐비닐,부산광역시,0.7
2010,종량제 방식에 의한 혼합 배출,가연성,음식물류폐기물,대구광역시,1.5
2010,종량제 방식에 의한 혼합 배출,가연성,폐지류,대구광역시,151.0
2010,종량제 방식에 의한 혼합 배출,가연성,폐목재류,대구광역시,61.0
2010,종량제 방식에 의한 혼합 배출,가연성,폐고무류,대구광역시,35.4
2010,종량제 방식에 의한 혼합 배출,가연성,플라스틱류,대구광역시,148.0
2010,종량제 방식에 의한 혼합 배출,가연성,기타,대구광역시,312.6
2010,종량제 방식에 의한 혼합 배출,불연성,폐유리류,대구광역시,57.5
2010,종량제 방식에 의한 혼합 배출,불연성,폐금속류,대구광역시,22.2
2010,종량제 방식에 의한 혼합 배출,불연성,폐토사류,대구광역시,30.8
2010,종량제 방식에 의한 혼합 배출,불연성,기타,대구광역시,319.4
2011,종량제 방식에 의한 혼합 배출,가연성,음식물류폐기물,대구광역시,0.0
2011,종량제 방식에 의한 혼합 배출,가연성,폐지류,대구광역시,189.8
2011,종량제 방식에 의한 혼합 배출,가연성,폐목재류,대구광역시,58.2
2011,종량제 방식에 의한 혼합 배출,가연성,폐고무류,대구광역시,24.5
2011,종량제 방식에 의한 혼합 배출,가연성,플라스틱류,대구광역시,151.9
2011,종량제 방식에 의한 혼합 배출,가연성,기타,대구광역시,282.9
2011,종량제 방식에 의한 혼합 배출,불연성,폐유리류,대구광역시,60.0
2011,종량제 방식에 의한 혼합 배출,불연성,폐금속류,대구광역시,22.7
2011,종량제 방식에 의한 혼합 배출,불연성,폐토사류,대구광역시,39.0
2011,종량제 방식에 의한 혼합 배출,불연성,기타,대구광역시,352.0
2012,종량제 방식에 의한 혼합 배출,가연성,음식물류폐기물,대구광역시,0.0
2012,종량제 방식에 의한 혼합 배출,가연성,폐지류,대구광역시,173.8
2012,종량제 방식에 의한 혼합 배출,가연성,폐목재류,대구광역시,62.5
2012,종량제 방식에 의한 혼합 배출,가연성,폐고무류,대구광역시,30.0
2012,종량제 방식에 의한 혼합 배출,가연성,플라스틱류,대구광역시,200.1
2012,종량제 방식에 의한 혼합 배출,가연성,기타,대구광역시,315.3
2012,종량제 방식에 의한 혼합 배출,불연성,폐유리류,대구광역시,62.2
2012,종량제 방식에 의한 혼합 배출,불연성,폐금속류,대구광역시,21.0
2012,종량제 방식에 의한 혼합 배출,불연성,폐토사류,대구광역시,18.2
2012,종량제 방식에 의한 혼합 배출,불연성,기타,대구광역시,425.7
2013,종량제 방식에 의한 혼합 배출,가연성,음식물류폐기물,대구광역시,0.0
2013,종량제 방식에 의한 혼합 배출,가연성,폐지류,대구광역시,164.7
2013,종량제 방식에 의한 혼합 배출,가연성,폐목재류,대구광역시,114.2
2013,종량제 방식에 의한 혼합 배출,가연성,폐고무류,대구광역시,34.7
2013,종량제 방식에 의한 혼합 배출,가연성,플라스틱류,대구광역시,215.9
2013,종량제 방식에 의한 혼합 배출,가연성,기타,대구광역시,346.2
2013,종량제 방식에 의한 혼합 배출,불연성,폐유리류,대구광역시,74.3
2013,종량제 방식에 의한 혼합 배출,불연성,폐금속류,대구광역시,20.0
2013,종량제 방식에 의한 혼합 배출,불연성,폐토사류,대구광역시,1.9
2013,종량제 방식에 의한 혼합 배출,불연성,기타,대구광역시,410.7
2014,종량제 방식에 의한 혼합 배출,가연성,음식물류폐기물,대구광역시,27.2
2014,종량제 방식에 의한 혼합 배출,가연성,폐지류,대구광역시,210.9
2014,종량제 방식에 의한 혼합 배출,가연성,폐목재류,대구광역시,55.8
2014,종량제 방식에 의한 혼합 배출,가연성,폐고무류,대구광역시,20.1
2014,종량제 방식에 의한 혼합 배출,가연성,플라스틱류,대구광역시,231.6
2014,종량제 방식에 의한 혼합 배출,가연성,기타,대구광역시,309.6
2014,종량제 방식에 의한 혼합 배출,불연성,폐유리류,대구광역시,66.2
2014,종량제 방식에 의한 혼합 배출,불연성,폐금속류,대구광역시,37.8
2014,종량제 방식에 의한 혼합 배출,불연성,폐토사류,대구광역시,2.3
2014,종량제 방식에 의한 혼합 배출,불연성,기타,대구광역시,489.2
2015,종량제 방식에 의한 혼합 배출,가연성,음식물류폐기물,대구광역시,0.0
2015,종량제 방식에 의한 혼합 배출,가연성,폐지류,대구광역시,243.7
2015,종량제 방식에 의한 혼합 배출,가연성,폐목재류,대구광역시,71.9
2015,종량제 방식에 의한 혼합 배출,가연성,폐고무류,대구광역시,41.1
2015,종량제 방식에 의한 혼합 배출,가연성,플라스틱류,대구광역시,282.5
2015,종량제 방식에 의한 혼합 배출,가연성,기타,대구광역시,358.1
2015,종량제 방식에 의한 혼합 배출,불연성,폐유리류,대구광역시,87.4
2015,종량제 방식에 의한 혼합 배출,불연성,폐금속류,대구광역시,37.7
2015,종량제 방식에 의한 혼합 배출,불연성,폐토사류,대구광역시,22.7
2015,종량제 방식에 의한 혼합 배출,불연성,기타,대구광역시,383.3
2016,종량제 방식에 의한 혼합 배출,가연성,음식물류폐기물,대구광역시,29.4
2016,종량제 방식에 의한 혼합 배출,가연성,폐지류,대구광역시,332.9
2016,종량제 방식에 의한 혼합 배출,가연성,폐목재류,대구광역시,67.0
2016,종량제 방식에 의한 혼합 배출,가연성,폐고무류,대구광역시,41.8
2016,종량제 방식에 의한 혼합 배출,가연성,플라스틱류,대구광역시,328.0
2016,종량제 방식에 의한 혼합 배출,가연성,기타,대구광역시,288.9
2016,종량제 방식에 의한 혼합 배출,불연성,폐유리류,대구광역시,59.9
2016,종량제 방식에 의한 혼합 배출,불연성,폐금속류,대구광역시,42.5
2016,종량제 방식에 의한 혼합 배출,불연성,폐토사류,대구광역시,19.0
2016,종량제 방식에 의한 혼합 배출,불연성,기타,대구광역시,265.6
2017,종량제 방식에 의한 혼합 배출,가연성,음식물류폐기물,대구광역시,68.7
2017,종량제 방식에 의한 혼합 배출,가연성,폐지류,대구광역시,266.8
2017,종량제 방식에 의한 혼합 배출,가연성,폐목재류,대구광역시,54.2
2017,종량제 방식에 의한 혼합 배출,가연성,폐고무류,대구광역시,35.9
2017,종량제 방식에 의한 혼합 배출,가연성,플라스틱류,대구광역시,320.3
2017,종량제 방식에 의한 혼합 배출,가연성,기타,대구광역시,538.3
2017,종량제 방식에 의한 혼합 배출,불연성,폐유리류,대구광역시,27.6
2017,종량제 방식에 의한 혼합 배출,불연성,폐금속류,대구광역시,22.1
2017,종량제 방식에 의한 혼합 배출,불연성,폐토사류,대구광역시,14.0
2017,종량제 방식에 의한 혼합 배출,불연성,기타,대구광역시,70.7
2018,종량제 방식에 의한 혼합 배출,가연성,음식물류폐기물,대구광역시,70.5
2018,종량제 방식에 의한 혼합 배출,가연성,폐지류,대구광역시,268.7
2018,종량제 방식에 의한 혼합 배출,가연성,폐목재류,대구광역시,70.6
2018,종량제 방식에 의한 혼합 배출,가연성,폐고무류,대구광역시,40.5
2018,종량제 방식에 의한 혼합 배출,가연성,플라스틱류,대구광역시,302.8
2018,종량제 방식에 의한 혼합 배출,가연성,기타,대구광역시,508.0
2018,종량제 방식에 의한 혼합 배출,불연성,폐유리류,대구광역시,30.7
2018,종량제 방식에 의한 혼합 배출,불연성,폐금속류,대구광역시,27.5
2018,종량제 방식에 의한 혼합 배출,불연성,폐토사류,대구광역시,21.5
2018,종량제 방식에 의한 혼합 배출,불연성,기타,대구광역시,82.8
2019,종량제 방식에 의한 혼합 배출,가연성,음식물류폐기물,대구광역시,69.2
2019,종량제 방식에 의한 혼합 배출,가연성,폐지류,대구광역시,258.8
2019,종량제 방식에 의한 혼합 배출,가연성,폐합성수지류,대구광역시,288.0
2019,종량제 방식에 의한 혼합 배출,가연성,폐목재류,대구광역시,38.4
2019,종량제 방식에 의한 혼합 배출,가연성,폐고무류,대구광역시,8.3
2019,종량제 방식에 의한 혼합 배출,가연성,폐섬유류,대구광역시,48.8
2019,종량제 방식에 의한 혼합 배출,가연성,기타,대구광역시,520.8
2019,종량제 방식에 의한 혼합 배출,불연성,연탄재,대구광역시,0.2
2019,종량제 방식에 의한 혼합 배출,불연성,폐유리류,대구광역시,26.7
2019,종량제 방식에 의한 혼합 배출,불연성,폐금속류,대구광역시,18.5
2019,종량제 방식에 의한 혼합 배출,불연성,폐토사류,대구광역시,8.3
2019,종량제 방식에 의한 혼합 배출,불연성,폐타일 및 도자기류,대구광역시,2.5
2019,종량제 방식에 의한 혼합 배출,불연성,기타,대구광역시,73.0
2019,재활용가능자원 분리배출,폐지류,종이팩,대구광역시,35.1
2019,재활용가능자원 분리배출,폐지류,기타,대구광역시,159.7
2019,재활용가능자원 분리배출,폐합성수지류,비닐류,대구광역시,55.1
2019,재활용가능자원 분리배출,폐합성수지류,발포수지류,대구광역시,9.9
2019,재활용가능자원 분리배출,폐합성수지류,PET병,대구광역시,53.9
2019,재활용가능자원 분리배출,폐합성수지류,기타,대구광역시,158.4
2019,재활용가능자원 분리배출,영농폐기물,농약용기류,대구광역시,0.0
2019,재활용가능자원 분리배출,영농폐기물,폐비닐,대구광역시,0.9
2010,종량제 방식에 의한 혼합 배출,가연성,음식물류폐기물,인천광역시,0.6
2010,종량제 방식에 의한 혼합 배출,가연성,폐지류,인천광역시,126.2
2010,종량제 방식에 의한 혼합 배출,가연성,폐목재류,인천광역시,47.1
2010,종량제 방식에 의한 혼합 배출,가연성,폐고무류,인천광역시,24.8
2010,종량제 방식에 의한 혼합 배출,가연성,플라스틱류,인천광역시,64.0
2010,종량제 방식에 의한 혼합 배출,가연성,기타,인천광역시,480.5
2010,종량제 방식에 의한 혼합 배출,불연성,폐유리류,인천광역시,20.2
2010,종량제 방식에 의한 혼합 배출,불연성,폐금속류,인천광역시,23.0
2010,종량제 방식에 의한 혼합 배출,불연성,폐토사류,인천광역시,56.1
2010,종량제 방식에 의한 혼합 배출,불연성,기타,인천광역시,109.0
2011,종량제 방식에 의한 혼합 배출,가연성,음식물류폐기물,인천광역시,0.4
2011,종량제 방식에 의한 혼합 배출,가연성,폐지류,인천광역시,110.4
2011,종량제 방식에 의한 혼합 배출,가연성,폐목재류,인천광역시,29.3
2011,종량제 방식에 의한 혼합 배출,가연성,폐고무류,인천광역시,17.6
2011,종량제 방식에 의한 혼합 배출,가연성,플라스틱류,인천광역시,37.2
2011,종량제 방식에 의한 혼합 배출,가연성,기타,인천광역시,473.9
2011,종량제 방식에 의한 혼합 배출,불연성,폐유리류,인천광역시,17.3
2011,종량제 방식에 의한 혼합 배출,불연성,폐금속류,인천광역시,17.7
2011,종량제 방식에 의한 혼합 배출,불연성,폐토사류,인천광역시,37.8
2011,종량제 방식에 의한 혼합 배출,불연성,기타,인천광역시,104.9
2012,종량제 방식에 의한 혼합 배출,가연성,음식물류폐기물,인천광역시,0.0
2012,종량제 방식에 의한 혼합 배출,가연성,폐지류,인천광역시,167.0
2012,종량제 방식에 의한 혼합 배출,가연성,폐목재류,인천광역시,48.6
2012,종량제 방식에 의한 혼합 배출,가연성,폐고무류,인천광역시,22.5
2012,종량제 방식에 의한 혼합 배출,가연성,플라스틱류,인천광역시,79.2
2012,종량제 방식에 의한 혼합 배출,가연성,기타,인천광역시,426.6
2012,종량제 방식에 의한 혼합 배출,불연성,폐유리류,인천광역시,12.7
2012,종량제 방식에 의한 혼합 배출,불연성,폐금속류,인천광역시,13.6
2012,종량제 방식에 의한 혼합 배출,불연성,폐토사류,인천광역시,37.5
2012,종량제 방식에 의한 혼합 배출,불연성,기타,인천광역시,73.5
2013,종량제 방식에 의한 혼합 배출,가연성,음식물류폐기물,인천광역시,2.9
2013,종량제 방식에 의한 혼합 배출,가연성,폐지류,인천광역시,126.5
2013,종량제 방식에 의한 혼합 배출,가연성,폐목재류,인천광역시,531.6
2013,종량제 방식에 의한 혼합 배출,가연성,폐고무류,인천광역시,48.4
2013,종량제 방식에 의한 혼합 배출,가연성,플라스틱류,인천광역시,58.8
2013,종량제 방식에 의한 혼합 배출,가연성,기타,인천광역시,423.2
2013,종량제 방식에 의한 혼합 배출,불연성,폐유리류,인천광역시,10.8
2013,종량제 방식에 의한 혼합 배출,불연성,폐금속류,인천광역시,12.9
2013,종량제 방식에 의한 혼합 배출,불연성,폐토사류,인천광역시,138.0
2013,종량제 방식에 의한 혼합 배출,불연성,기타,인천광역시,93.9
2014,종량제 방식에 의한 혼합 배출,가연성,음식물류폐기물,인천광역시,4.7
2014,종량제 방식에 의한 혼합 배출,가연성,폐지류,인천광역시,124.3
2014,종량제 방식에 의한 혼합 배출,가연성,폐목재류,인천광역시,60.8
2014,종량제 방식에 의한 혼합 배출,가연성,폐고무류,인천광역시,45.9
2014,종량제 방식에 의한 혼합 배출,가연성,플라스틱류,인천광역시,70.5
2014,종량제 방식에 의한 혼합 배출,가연성,기타,인천광역시,400.3
2014,종량제 방식에 의한 혼합 배출,불연성,폐유리류,인천광역시,11.7
2014,종량제 방식에 의한 혼합 배출,불연성,폐금속류,인천광역시,15.0
2014,종량제 방식에 의한 혼합 배출,불연성,폐토사류,인천광역시,93.1
2014,종량제 방식에 의한 혼합 배출,불연성,기타,인천광역시,107.6
2015,종량제 방식에 의한 혼합 배출,가연성,음식물류폐기물,인천광역시,21.1
2015,종량제 방식에 의한 혼합 배출,가연성,폐지류,인천광역시,132.1
2015,종량제 방식에 의한 혼합 배출,가연성,폐목재류,인천광역시,77.2
2015,종량제 방식에 의한 혼합 배출,가연성,폐고무류,인천광역시,38.3
2015,종량제 방식에 의한 혼합 배출,가연성,플라스틱류,인천광역시,58.1
2015,종량제 방식에 의한 혼합 배출,가연성,기타,인천광역시,378.9
2015,종량제 방식에 의한 혼합 배출,불연성,폐유리류,인천광역시,17.8
2015,종량제 방식에 의한 혼합 배출,불연성,폐금속류,인천광역시,84.7
2015,종량제 방식에 의한 혼합 배출,불연성,폐토사류,인천광역시,76.9
2015,종량제 방식에 의한 혼합 배출,불연성,기타,인천광역시,151.5
2016,종량제 방식에 의한 혼합 배출,가연성,음식물류폐기물,인천광역시,18.1
2016,종량제 방식에 의한 혼합 배출,가연성,폐지류,인천광역시,199.2
2016,종량제 방식에 의한 혼합 배출,가연성,폐목재류,인천광역시,135.3
2016,종량제 방식에 의한 혼합 배출,가연성,폐고무류,인천광역시,41.0
2016,종량제 방식에 의한 혼합 배출,가연성,플라스틱류,인천광역시,115.8
2016,종량제 방식에 의한 혼합 배출,가연성,기타,인천광역시,384.0
2016,종량제 방식에 의한 혼합 배출,불연성,폐유리류,인천광역시,18.3
2016,종량제 방식에 의한 혼합 배출,불연성,폐금속류,인천광역시,18.7
2016,종량제 방식에 의한 혼합 배출,불연성,폐토사류,인천광역시,288.8
2016,종량제 방식에 의한 혼합 배출,불연성,기타,인천광역시,90.2
2017,종량제 방식에 의한 혼합 배출,가연성,음식물류폐기물,인천광역시,41.6
2017,종량제 방식에 의한 혼합 배출,가연성,폐지류,인천광역시,181.1
2017,종량제 방식에 의한 혼합 배출,가연성,폐목재류,인천광역시,54.1
2017,종량제 방식에 의한 혼합 배출,가연성,폐고무류,인천광역시,33.2
2017,종량제 방식에 의한 혼합 배출,가연성,플라스틱류,인천광역시,183.1
2017,종량제 방식에 의한 혼합 배출,가연성,기타,인천광역시,341.5
2017,종량제 방식에 의한 혼합 배출,불연성,폐유리류,인천광역시,21.5
2017,종량제 방식에 의한 혼합 배출,불연성,폐금속류,인천광역시,33.3
2017,종량제 방식에 의한 혼합 배출,불연성,폐토사류,인천광역시,76.9
2017,종량제 방식에 의한 혼합 배출,불연성,기타,인천광역시,198.6
2018,종량제 방식에 의한 혼합 배출,가연성,음식물류폐기물,인천광역시,44.6
2018,종량제 방식에 의한 혼합 배출,가연성,폐지류,인천광역시,187.6
2018,종량제 방식에 의한 혼합 배출,가연성,폐목재류,인천광역시,52.5
2018,종량제 방식에 의한 혼합 배출,가연성,폐고무류,인천광역시,30.8
2018,종량제 방식에 의한 혼합 배출,가연성,플라스틱류,인천광역시,223.8
2018,종량제 방식에 의한 혼합 배출,가연성,기타,인천광역시,373.9
2018,종량제 방식에 의한 혼합 배출,불연성,폐유리류,인천광역시,49.5
2018,종량제 방식에 의한 혼합 배출,불연성,폐금속류,인천광역시,41.4
2018,종량제 방식에 의한 혼합 배출,불연성,폐토사류,인천광역시,262.9
2018,종량제 방식에 의한 혼합 배출,불연성,기타,인천광역시,207.8
2019,종량제 방식에 의한 혼합 배출,가연성,음식물류폐기물,인천광역시,126.2
2019,종량제 방식에 의한 혼합 배출,가연성,폐지류,인천광역시,208.1
2019,종량제 방식에 의한 혼합 배출,가연성,폐합성수지류,인천광역시,410.0
2019,종량제 방식에 의한 혼합 배출,가연성,폐목재류,인천광역시,48.9
2019,종량제 방식에 의한 혼합 배출,가연성,폐고무류,인천광역시,20.3
2019,종량제 방식에 의한 혼합 배출,가연성,폐섬유류,인천광역시,42.3
2019,종량제 방식에 의한 혼합 배출,가연성,기타,인천광역시,542.3
2019,종량제 방식에 의한 혼합 배출,불연성,연탄재,인천광역시,1.2
2019,종량제 방식에 의한 혼합 배출,불연성,폐유리류,인천광역시,24.0
2019,종량제 방식에 의한 혼합 배출,불연성,폐금속류,인천광역시,17.0
2019,종량제 방식에 의한 혼합 배출,불연성,폐토사류,인천광역시,16.5
2019,종량제 방식에 의한 혼합 배출,불연성,폐타일 및 도자기류,인천광역시,2.3
2019,종량제 방식에 의한 혼합 배출,불연성,기타,인천광역시,207.1
2019,재활용가능자원 분리배출,폐지류,종이팩,인천광역시,14.1
2019,재활용가능자원 분리배출,폐지류,기타,인천광역시,61.3
2019,재활용가능자원 분리배출,폐합성수지류,비닐류,인천광역시,84.3
2019,재활용가능자원 분리배출,폐합성수지류,발포수지류,인천광역시,4.7
2019,재활용가능자원 분리배출,폐합성수지류,PET병,인천광역시,17.9
2019,재활용가능자원 분리배출,폐합성수지류,기타,인천광역시,39.5
2019,재활용가능자원 분리배출,영농폐기물,농약용기류,인천광역시,0.0
2019,재활용가능자원 분리배출,영농폐기물,폐비닐,인천광역시,2.0
2010,종량제 방식에 의한 혼합 배출,가연성,음식물류폐기물,광주광역시,0
2010,종량제 방식에 의한 혼합 배출,가연성,폐지류,광주광역시,138.2
2010,종량제 방식에 의한 혼합 배출,가연성,폐목재류,광주광역시,73.4
2010,종량제 방식에 의한 혼합 배출,가연성,폐고무류,광주광역시,11.0
2010,종량제 방식에 의한 혼합 배출,가연성,플라스틱류,광주광역시,80.6
2010,종량제 방식에 의한 혼합 배출,가연성,기타,광주광역시,146.2
2010,종량제 방식에 의한 혼합 배출,불연성,폐유리류,광주광역시,14.6
2010,종량제 방식에 의한 혼합 배출,불연성,폐금속류,광주광역시,6.1
2010,종량제 방식에 의한 혼합 배출,불연성,폐토사류,광주광역시,16.9
2010,종량제 방식에 의한 혼합 배출,불연성,기타,광주광역시,37.5
2011,종량제 방식에 의한 혼합 배출,가연성,음식물류폐기물,광주광역시,0.0
2011,종량제 방식에 의한 혼합 배출,가연성,폐지류,광주광역시,117.9
2011,종량제 방식에 의한 혼합 배출,가연성,폐목재류,광주광역시,75.6
2011,종량제 방식에 의한 혼합 배출,가연성,폐고무류,광주광역시,11.0
2011,종량제 방식에 의한 혼합 배출,가연성,플라스틱류,광주광역시,75.0
2011,종량제 방식에 의한 혼합 배출,가연성,기타,광주광역시,115.8
2011,종량제 방식에 의한 혼합 배출,불연성,폐유리류,광주광역시,9.7
2011,종량제 방식에 의한 혼합 배출,불연성,폐금속류,광주광역시,6.7
2011,종량제 방식에 의한 혼합 배출,불연성,폐토사류,광주광역시,16.8
2011,종량제 방식에 의한 혼합 배출,불연성,기타,광주광역시,39.1
2012,종량제 방식에 의한 혼합 배출,가연성,음식물류폐기물,광주광역시,0.0
2012,종량제 방식에 의한 혼합 배출,가연성,폐지류,광주광역시,130.2
2012,종량제 방식에 의한 혼합 배출,가연성,폐목재류,광주광역시,81.9
2012,종량제 방식에 의한 혼합 배출,가연성,폐고무류,광주광역시,13.4
2012,종량제 방식에 의한 혼합 배출,가연성,플라스틱류,광주광역시,82.5
2012,종량제 방식에 의한 혼합 배출,가연성,기타,광주광역시,114.1
2012,종량제 방식에 의한 혼합 배출,불연성,폐유리류,광주광역시,11.4
2012,종량제 방식에 의한 혼합 배출,불연성,폐금속류,광주광역시,6.4
2012,종량제 방식에 의한 혼합 배출,불연성,폐토사류,광주광역시,17.1
2012,종량제 방식에 의한 혼합 배출,불연성,기타,광주광역시,45.0
2013,종량제 방식에 의한 혼합 배출,가연성,음식물류폐기물,광주광역시,0.0
2013,종량제 방식에 의한 혼합 배출,가연성,폐지류,광주광역시,100.1
2013,종량제 방식에 의한 혼합 배출,가연성,폐목재류,광주광역시,27.9
2013,종량제 방식에 의한 혼합 배출,가연성,폐고무류,광주광역시,26.5
2013,종량제 방식에 의한 혼합 배출,가연성,플라스틱류,광주광역시,98.2
2013,종량제 방식에 의한 혼합 배출,가연성,기타,광주광역시,116.4
2013,종량제 방식에 의한 혼합 배출,불연성,폐유리류,광주광역시,20.3
2013,종량제 방식에 의한 혼합 배출,불연성,폐금속류,광주광역시,16.3
2013,종량제 방식에 의한 혼합 배출,불연성,폐토사류,광주광역시,39.9
2013,종량제 방식에 의한 혼합 배출,불연성,기타,광주광역시,55.8
2014,종량제 방식에 의한 혼합 배출,가연성,음식물류폐기물,광주광역시,16.2
2014,종량제 방식에 의한 혼합 배출,가연성,폐지류,광주광역시,112.4
2014,종량제 방식에 의한 혼합 배출,가연성,폐목재류,광주광역시,22.7
2014,종량제 방식에 의한 혼합 배출,가연성,폐고무류,광주광역시,18.0
2014,종량제 방식에 의한 혼합 배출,가연성,플라스틱류,광주광역시,98.3
2014,종량제 방식에 의한 혼합 배출,가연성,기타,광주광역시,81.2
2014,종량제 방식에 의한 혼합 배출,불연성,폐유리류,광주광역시,20.3
2014,종량제 방식에 의한 혼합 배출,불연성,폐금속류,광주광역시,27.8
2014,종량제 방식에 의한 혼합 배출,불연성,폐토사류,광주광역시,37.8
2014,종량제 방식에 의한 혼합 배출,불연성,기타,광주광역시,40.1
2015,종량제 방식에 의한 혼합 배출,가연성,음식물류폐기물,광주광역시,33.5
2015,종량제 방식에 의한 혼합 배출,가연성,폐지류,광주광역시,173.8
2015,종량제 방식에 의한 혼합 배출,가연성,폐목재류,광주광역시,33.6
2015,종량제 방식에 의한 혼합 배출,가연성,폐고무류,광주광역시,12.8
2015,종량제 방식에 의한 혼합 배출,가연성,플라스틱류,광주광역시,125.7
2015,종량제 방식에 의한 혼합 배출,가연성,기타,광주광역시,32.8
2015,종량제 방식에 의한 혼합 배출,불연성,폐유리류,광주광역시,0.2
2015,종량제 방식에 의한 혼합 배출,불연성,폐금속류,광주광역시,17.4
2015,종량제 방식에 의한 혼합 배출,불연성,폐토사류,광주광역시,2.2
2015,종량제 방식에 의한 혼합 배출,불연성,기타,광주광역시,53.6
2016,종량제 방식에 의한 혼합 배출,가연성,음식물류폐기물,광주광역시,33.1
2016,종량제 방식에 의한 혼합 배출,가연성,폐지류,광주광역시,154.8
2016,종량제 방식에 의한 혼합 배출,가연성,폐목재류,광주광역시,24.8
2016,종량제 방식에 의한 혼합 배출,가연성,폐고무류,광주광역시,15.0
2016,종량제 방식에 의한 혼합 배출,가연성,플라스틱류,광주광역시,121.9
2016,종량제 방식에 의한 혼합 배출,가연성,기타,광주광역시,66.8
2016,종량제 방식에 의한 혼합 배출,불연성,폐유리류,광주광역시,0.4
2016,종량제 방식에 의한 혼합 배출,불연성,폐금속류,광주광역시,35.3
2016,종량제 방식에 의한 혼합 배출,불연성,폐토사류,광주광역시,26.8
2016,종량제 방식에 의한 혼합 배출,불연성,기타,광주광역시,29.7
2017,종량제 방식에 의한 혼합 배출,가연성,음식물류폐기물,광주광역시,78.9
2017,종량제 방식에 의한 혼합 배출,가연성,폐지류,광주광역시,147.1
2017,종량제 방식에 의한 혼합 배출,가연성,폐목재류,광주광역시,25.1
2017,종량제 방식에 의한 혼합 배출,가연성,폐고무류,광주광역시,9.2
2017,종량제 방식에 의한 혼합 배출,가연성,플라스틱류,광주광역시,97.3
2017,종량제 방식에 의한 혼합 배출,가연성,기타,광주광역시,57.2
2017,종량제 방식에 의한 혼합 배출,불연성,폐유리류,광주광역시,12.1
2017,종량제 방식에 의한 혼합 배출,불연성,폐금속류,광주광역시,9.2
2017,종량제 방식에 의한 혼합 배출,불연성,폐토사류,광주광역시,15.0
2017,종량제 방식에 의한 혼합 배출,불연성,기타,광주광역시,97.7
2018,종량제 방식에 의한 혼합 배출,가연성,음식물류폐기물,광주광역시,60.2
2018,종량제 방식에 의한 혼합 배출,가연성,폐지류,광주광역시,114.3
2018,종량제 방식에 의한 혼합 배출,가연성,폐목재류,광주광역시,28.2
2018,종량제 방식에 의한 혼합 배출,가연성,폐고무류,광주광역시,14.1
2018,종량제 방식에 의한 혼합 배출,가연성,플라스틱류,광주광역시,97.7
2018,종량제 방식에 의한 혼합 배출,가연성,기타,광주광역시,60.4
2018,종량제 방식에 의한 혼합 배출,불연성,폐유리류,광주광역시,17.2
2018,종량제 방식에 의한 혼합 배출,불연성,폐금속류,광주광역시,11.2
2018,종량제 방식에 의한 혼합 배출,불연성,폐토사류,광주광역시,16.8
2018,종량제 방식에 의한 혼합 배출,불연성,기타,광주광역시,130.3
2019,종량제 방식에 의한 혼합 배출,가연성,음식물류폐기물,광주광역시,36.8
2019,종량제 방식에 의한 혼합 배출,가연성,폐지류,광주광역시,93.0
2019,종량제 방식에 의한 혼합 배출,가연성,폐합성수지류,광주광역시,169.6
2019,종량제 방식에 의한 혼합 배출,가연성,폐목재류,광주광역시,86.6
2019,종량제 방식에 의한 혼합 배출,가연성,폐고무류,광주광역시,2.9
2019,종량제 방식에 의한 혼합 배출,가연성,폐섬유류,광주광역시,21.7
2019,종량제 방식에 의한 혼합 배출,가연성,기타,광주광역시,231.5
2019,종량제 방식에 의한 혼합 배출,불연성,연탄재,광주광역시,0.1
2019,종량제 방식에 의한 혼합 배출,불연성,폐유리류,광주광역시,9.7
2019,종량제 방식에 의한 혼합 배출,불연성,폐금속류,광주광역시,7.3
2019,종량제 방식에 의한 혼합 배출,불연성,폐토사류,광주광역시,2.3
2019,종량제 방식에 의한 혼합 배출,불연성,폐타일 및 도자기류,광주광역시,0.8
2019,종량제 방식에 의한 혼합 배출,불연성,기타,광주광역시,37.3
2019,재활용가능자원 분리배출,폐지류,종이팩,광주광역시,0.2
2019,재활용가능자원 분리배출,폐지류,기타,광주광역시,10.7
2019,재활용가능자원 분리배출,폐합성수지류,비닐류,광주광역시,27.3
2019,재활용가능자원 분리배출,폐합성수지류,발포수지류,광주광역시,2.7
2019,재활용가능자원 분리배출,폐합성수지류,PET병,광주광역시,15.2
2019,재활용가능자원 분리배출,폐합성수지류,기타,광주광역시,4.5
2019,재활용가능자원 분리배출,영농폐기물,농약용기류,광주광역시,0.4
2019,재활용가능자원 분리배출,영농폐기물,폐비닐,광주광역시,0.4
2010,종량제 방식에 의한 혼합 배출,가연성,음식물류폐기물,대전광역시,0
2010,종량제 방식에 의한 혼합 배출,가연성,폐지류,대전광역시,64.6
2010,종량제 방식에 의한 혼합 배출,가연성,폐목재류,대전광역시,14.9
2010,종량제 방식에 의한 혼합 배출,가연성,폐고무류,대전광역시,7.0
2010,종량제 방식에 의한 혼합 배출,가연성,플라스틱류,대전광역시,68.0
2010,종량제 방식에 의한 혼합 배출,가연성,기타,대전광역시,310.8
2010,종량제 방식에 의한 혼합 배출,불연성,폐유리류,대전광역시,4.6
2010,종량제 방식에 의한 혼합 배출,불연성,폐금속류,대전광역시,26.2
2010,종량제 방식에 의한 혼합 배출,불연성,폐토사류,대전광역시,33.8
2010,종량제 방식에 의한 혼합 배출,불연성,기타,대전광역시,39.2
2011,종량제 방식에 의한 혼합 배출,가연성,음식물류폐기물,대전광역시,13.1
2011,종량제 방식에 의한 혼합 배출,가연성,폐지류,대전광역시,35.4
2011,종량제 방식에 의한 혼합 배출,가연성,폐목재류,대전광역시,36.8
2011,종량제 방식에 의한 혼합 배출,가연성,폐고무류,대전광역시,24.8
2011,종량제 방식에 의한 혼합 배출,가연성,플라스틱류,대전광역시,53.3
2011,종량제 방식에 의한 혼합 배출,가연성,기타,대전광역시,284.4
2011,종량제 방식에 의한 혼합 배출,불연성,폐유리류,대전광역시,20.1
2011,종량제 방식에 의한 혼합 배출,불연성,폐금속류,대전광역시,12.4
2011,종량제 방식에 의한 혼합 배출,불연성,폐토사류,대전광역시,28.1
2011,종량제 방식에 의한 혼합 배출,불연성,기타,대전광역시,31.2
2012,종량제 방식에 의한 혼합 배출,가연성,음식물류폐기물,대전광역시,0.0
2012,종량제 방식에 의한 혼합 배출,가연성,폐지류,대전광역시,129.4
2012,종량제 방식에 의한 혼합 배출,가연성,폐목재류,대전광역시,47.4
2012,종량제 방식에 의한 혼합 배출,가연성,폐고무류,대전광역시,33.7
2012,종량제 방식에 의한 혼합 배출,가연성,플라스틱류,대전광역시,107.7
2012,종량제 방식에 의한 혼합 배출,가연성,기타,대전광역시,130.9
2012,종량제 방식에 의한 혼합 배출,불연성,폐유리류,대전광역시,6.1
2012,종량제 방식에 의한 혼합 배출,불연성,폐금속류,대전광역시,10.9
2012,종량제 방식에 의한 혼합 배출,불연성,폐토사류,대전광역시,4.4
2012,종량제 방식에 의한 혼합 배출,불연성,기타,대전광역시,70.3
2013,종량제 방식에 의한 혼합 배출,가연성,음식물류폐기물,대전광역시,0.0
2013,종량제 방식에 의한 혼합 배출,가연성,폐지류,대전광역시,152.0
2013,종량제 방식에 의한 혼합 배출,가연성,폐목재류,대전광역시,76.0
2013,종량제 방식에 의한 혼합 배출,가연성,폐고무류,대전광역시,30.2
2013,종량제 방식에 의한 혼합 배출,가연성,플라스틱류,대전광역시,110.8
2013,종량제 방식에 의한 혼합 배출,가연성,기타,대전광역시,117.2
2013,종량제 방식에 의한 혼합 배출,불연성,폐유리류,대전광역시,8.6
2013,종량제 방식에 의한 혼합 배출,불연성,폐금속류,대전광역시,8.9
2013,종량제 방식에 의한 혼합 배출,불연성,폐토사류,대전광역시,6.4
2013,종량제 방식에 의한 혼합 배출,불연성,기타,대전광역시,47.7
2014,종량제 방식에 의한 혼합 배출,가연성,음식물류폐기물,대전광역시,38.8
2014,종량제 방식에 의한 혼합 배출,가연성,폐지류,대전광역시,132.8
2014,종량제 방식에 의한 혼합 배출,가연성,폐목재류,대전광역시,63.5
2014,종량제 방식에 의한 혼합 배출,가연성,폐고무류,대전광역시,31.1
2014,종량제 방식에 의한 혼합 배출,가연성,플라스틱류,대전광역시,92.7
2014,종량제 방식에 의한 혼합 배출,가연성,기타,대전광역시,136.2
2014,종량제 방식에 의한 혼합 배출,불연성,폐유리류,대전광역시,6.9
2014,종량제 방식에 의한 혼합 배출,불연성,폐금속류,대전광역시,8.5
2014,종량제 방식에 의한 혼합 배출,불연성,폐토사류,대전광역시,5.4
2014,종량제 방식에 의한 혼합 배출,불연성,기타,대전광역시,38.5
2015,종량제 방식에 의한 혼합 배출,가연성,음식물류폐기물,대전광역시,22.6
2015,종량제 방식에 의한 혼합 배출,가연성,폐지류,대전광역시,138.5
2015,종량제 방식에 의한 혼합 배출,가연성,폐목재류,대전광역시,36.2
2015,종량제 방식에 의한 혼합 배출,가연성,폐고무류,대전광역시,27.5
2015,종량제 방식에 의한 혼합 배출,가연성,플라스틱류,대전광역시,90.4
2015,종량제 방식에 의한 혼합 배출,가연성,기타,대전광역시,189.0
2015,종량제 방식에 의한 혼합 배출,불연성,폐유리류,대전광역시,13.5
2015,종량제 방식에 의한 혼합 배출,불연성,폐금속류,대전광역시,10.1
2015,종량제 방식에 의한 혼합 배출,불연성,폐토사류,대전광역시,4.3
2015,종량제 방식에 의한 혼합 배출,불연성,기타,대전광역시,39.7
2016,종량제 방식에 의한 혼합 배출,가연성,음식물류폐기물,대전광역시,27.3
2016,종량제 방식에 의한 혼합 배출,가연성,폐지류,대전광역시,140.8
2016,종량제 방식에 의한 혼합 배출,가연성,폐목재류,대전광역시,28.8
2016,종량제 방식에 의한 혼합 배출,가연성,폐고무류,대전광역시,29.0
2016,종량제 방식에 의한 혼합 배출,가연성,플라스틱류,대전광역시,96.5
2016,종량제 방식에 의한 혼합 배출,가연성,기타,대전광역시,167.8
2016,종량제 방식에 의한 혼합 배출,불연성,폐유리류,대전광역시,22.7
2016,종량제 방식에 의한 혼합 배출,불연성,폐금속류,대전광역시,9.6
2016,종량제 방식에 의한 혼합 배출,불연성,폐토사류,대전광역시,5.7
2016,종량제 방식에 의한 혼합 배출,불연성,기타,대전광역시,54.8
2017,종량제 방식에 의한 혼합 배출,가연성,음식물류폐기물,대전광역시,60.1
2017,종량제 방식에 의한 혼합 배출,가연성,폐지류,대전광역시,146.1
2017,종량제 방식에 의한 혼합 배출,가연성,폐목재류,대전광역시,25.3
2017,종량제 방식에 의한 혼합 배출,가연성,폐고무류,대전광역시,29.9
2017,종량제 방식에 의한 혼합 배출,가연성,플라스틱류,대전광역시,110.7
2017,종량제 방식에 의한 혼합 배출,가연성,기타,대전광역시,177.8
2017,종량제 방식에 의한 혼합 배출,불연성,폐유리류,대전광역시,32.9
2017,종량제 방식에 의한 혼합 배출,불연성,폐금속류,대전광역시,14.6
2017,종량제 방식에 의한 혼합 배출,불연성,폐토사류,대전광역시,11.5
2017,종량제 방식에 의한 혼합 배출,불연성,기타,대전광역시,57.7
2018,종량제 방식에 의한 혼합 배출,가연성,음식물류폐기물,대전광역시,38.2
2018,종량제 방식에 의한 혼합 배출,가연성,폐지류,대전광역시,148.1
2018,종량제 방식에 의한 혼합 배출,가연성,폐목재류,대전광역시,56.0
2018,종량제 방식에 의한 혼합 배출,가연성,폐고무류,대전광역시,25.1
2018,종량제 방식에 의한 혼합 배출,가연성,플라스틱류,대전광역시,108.9
2018,종량제 방식에 의한 혼합 배출,가연성,기타,대전광역시,161.9
2018,종량제 방식에 의한 혼합 배출,불연성,폐유리류,대전광역시,13.7
2018,종량제 방식에 의한 혼합 배출,불연성,폐금속류,대전광역시,8.8
2018,종량제 방식에 의한 혼합 배출,불연성,폐토사류,대전광역시,17.0
2018,종량제 방식에 의한 혼합 배출,불연성,기타,대전광역시,36.0
2019,종량제 방식에 의한 혼합 배출,가연성,음식물류폐기물,대전광역시,34.9
2019,종량제 방식에 의한 혼합 배출,가연성,폐지류,대전광역시,132.4
2019,종량제 방식에 의한 혼합 배출,가연성,폐합성수지류,대전광역시,135.3
2019,종량제 방식에 의한 혼합 배출,가연성,폐목재류,대전광역시,24.1
2019,종량제 방식에 의한 혼합 배출,가연성,폐고무류,대전광역시,12.1
2019,종량제 방식에 의한 혼합 배출,가연성,폐섬유류,대전광역시,27.4
2019,종량제 방식에 의한 혼합 배출,가연성,기타,대전광역시,244.5
2019,종량제 방식에 의한 혼합 배출,불연성,연탄재,대전광역시,3.5
2019,종량제 방식에 의한 혼합 배출,불연성,폐유리류,대전광역시,13.2
2019,종량제 방식에 의한 혼합 배출,불연성,폐금속류,대전광역시,10.5
2019,종량제 방식에 의한 혼합 배출,불연성,폐토사류,대전광역시,4.3
2019,종량제 방식에 의한 혼합 배출,불연성,폐타일 및 도자기류,대전광역시,4.8
2019,종량제 방식에 의한 혼합 배출,불연성,기타,대전광역시,27.7
2019,재활용가능자원 분리배출,폐지류,종이팩,대전광역시,6.3
2019,재활용가능자원 분리배출,폐지류,기타,대전광역시,37.2
2019,재활용가능자원 분리배출,폐합성수지류,비닐류,대전광역시,78.9
2019,재활용가능자원 분리배출,폐합성수지류,발포수지류,대전광역시,2.0
2019,재활용가능자원 분리배출,폐합성수지류,PET병,대전광역시,12.8
2019,재활용가능자원 분리배출,폐합성수지류,기타,대전광역시,10.3
2019,재활용가능자원 분리배출,영농폐기물,농약용기류,대전광역시,0.0
2019,재활용가능자원 분리배출,영농폐기물,폐비닐,대전광역시,0.6
2010,종량제 방식에 의한 혼합 배출,가연성,음식물류폐기물,울산광역시,13.7
2010,종량제 방식에 의한 혼합 배출,가연성,폐지류,울산광역시,82.7
2010,종량제 방식에 의한 혼합 배출,가연성,폐목재류,울산광역시,20.5
2010,종량제 방식에 의한 혼합 배출,가연성,폐고무류,울산광역시,21.2
2010,종량제 방식에 의한 혼합 배출,가연성,플라스틱류,울산광역시,55.7
2010,종량제 방식에 의한 혼합 배출,가연성,기타,울산광역시,102.5
2010,종량제 방식에 의한 혼합 배출,불연성,폐유리류,울산광역시,11.5
2010,종량제 방식에 의한 혼합 배출,불연성,폐금속류,울산광역시,5.2
2010,종량제 방식에 의한 혼합 배출,불연성,폐토사류,울산광역시,16.3
2010,종량제 방식에 의한 혼합 배출,불연성,기타,울산광역시,13.9
2011,종량제 방식에 의한 혼합 배출,가연성,음식물류폐기물,울산광역시,0.0
2011,종량제 방식에 의한 혼합 배출,가연성,폐지류,울산광역시,100.2
2011,종량제 방식에 의한 혼합 배출,가연성,폐목재류,울산광역시,32.4
2011,종량제 방식에 의한 혼합 배출,가연성,폐고무류,울산광역시,27.3
2011,종량제 방식에 의한 혼합 배출,가연성,플라스틱류,울산광역시,61.6
2011,종량제 방식에 의한 혼합 배출,가연성,기타,울산광역시,136.3
2011,종량제 방식에 의한 혼합 배출,불연성,폐유리류,울산광역시,15.4
2011,종량제 방식에 의한 혼합 배출,불연성,폐금속류,울산광역시,5.8
2011,종량제 방식에 의한 혼합 배출,불연성,폐토사류,울산광역시,22.2
2011,종량제 방식에 의한 혼합 배출,불연성,기타,울산광역시,32.9
2012,종량제 방식에 의한 혼합 배출,가연성,음식물류폐기물,울산광역시,0.0
2012,종량제 방식에 의한 혼합 배출,가연성,폐지류,울산광역시,104.3
2012,종량제 방식에 의한 혼합 배출,가연성,폐목재류,울산광역시,63.8
2012,종량제 방식에 의한 혼합 배출,가연성,폐고무류,울산광역시,28.2
2012,종량제 방식에 의한 혼합 배출,가연성,플라스틱류,울산광역시,73.4
2012,종량제 방식에 의한 혼합 배출,가연성,기타,울산광역시,111.9
2012,종량제 방식에 의한 혼합 배출,불연성,폐유리류,울산광역시,26.5
2012,종량제 방식에 의한 혼합 배출,불연성,폐금속류,울산광역시,9.6
2012,종량제 방식에 의한 혼합 배출,불연성,폐토사류,울산광역시,39.9
2012,종량제 방식에 의한 혼합 배출,불연성,기타,울산광역시,49.6
2013,종량제 방식에 의한 혼합 배출,가연성,음식물류폐기물,울산광역시,0.0
2013,종량제 방식에 의한 혼합 배출,가연성,폐지류,울산광역시,99.6
2013,종량제 방식에 의한 혼합 배출,가연성,폐목재류,울산광역시,49.5
2013,종량제 방식에 의한 혼합 배출,가연성,폐고무류,울산광역시,26.8
2013,종량제 방식에 의한 혼합 배출,가연성,플라스틱류,울산광역시,71.5
2013,종량제 방식에 의한 혼합 배출,가연성,기타,울산광역시,96.0
2013,종량제 방식에 의한 혼합 배출,불연성,폐유리류,울산광역시,12.3
2013,종량제 방식에 의한 혼합 배출,불연성,폐금속류,울산광역시,4.9
2013,종량제 방식에 의한 혼합 배출,불연성,폐토사류,울산광역시,78.3
2013,종량제 방식에 의한 혼합 배출,불연성,기타,울산광역시,24.8
2014,종량제 방식에 의한 혼합 배출,가연성,음식물류폐기물,울산광역시,0.0
2014,종량제 방식에 의한 혼합 배출,가연성,폐지류,울산광역시,89.5
2014,종량제 방식에 의한 혼합 배출,가연성,폐목재류,울산광역시,50.9
2014,종량제 방식에 의한 혼합 배출,가연성,폐고무류,울산광역시,25.1
2014,종량제 방식에 의한 혼합 배출,가연성,플라스틱류,울산광역시,83.4
2014,종량제 방식에 의한 혼합 배출,가연성,기타,울산광역시,237.8
2014,종량제 방식에 의한 혼합 배출,불연성,폐유리류,울산광역시,14.9
2014,종량제 방식에 의한 혼합 배출,불연성,폐금속류,울산광역시,6.9
2014,종량제 방식에 의한 혼합 배출,불연성,폐토사류,울산광역시,49.8
2014,종량제 방식에 의한 혼합 배출,불연성,기타,울산광역시,103.7
2015,종량제 방식에 의한 혼합 배출,가연성,음식물류폐기물,울산광역시,0.0
2015,종량제 방식에 의한 혼합 배출,가연성,폐지류,울산광역시,88.7
2015,종량제 방식에 의한 혼합 배출,가연성,폐목재류,울산광역시,44.8
2015,종량제 방식에 의한 혼합 배출,가연성,폐고무류,울산광역시,25.5
2015,종량제 방식에 의한 혼합 배출,가연성,플라스틱류,울산광역시,84.0
2015,종량제 방식에 의한 혼합 배출,가연성,기타,울산광역시,260.1
2015,종량제 방식에 의한 혼합 배출,불연성,폐유리류,울산광역시,9.4
2015,종량제 방식에 의한 혼합 배출,불연성,폐금속류,울산광역시,4.8
2015,종량제 방식에 의한 혼합 배출,불연성,폐토사류,울산광역시,53.9
2015,종량제 방식에 의한 혼합 배출,불연성,기타,울산광역시,144.7
2016,종량제 방식에 의한 혼합 배출,가연성,음식물류폐기물,울산광역시,4.5
2016,종량제 방식에 의한 혼합 배출,가연성,폐지류,울산광역시,96.2
2016,종량제 방식에 의한 혼합 배출,가연성,폐목재류,울산광역시,73.0
2016,종량제 방식에 의한 혼합 배출,가연성,폐고무류,울산광역시,26.4
2016,종량제 방식에 의한 혼합 배출,가연성,플라스틱류,울산광역시,108.3
2016,종량제 방식에 의한 혼합 배출,가연성,기타,울산광역시,248.7
2016,종량제 방식에 의한 혼합 배출,불연성,폐유리류,울산광역시,13.5
2016,종량제 방식에 의한 혼합 배출,불연성,폐금속류,울산광역시,7.8
2016,종량제 방식에 의한 혼합 배출,불연성,폐토사류,울산광역시,11.7
2016,종량제 방식에 의한 혼합 배출,불연성,기타,울산광역시,118.6
2017,종량제 방식에 의한 혼합 배출,가연성,음식물류폐기물,울산광역시,9.6
2017,종량제 방식에 의한 혼합 배출,가연성,폐지류,울산광역시,114.5
2017,종량제 방식에 의한 혼합 배출,가연성,폐목재류,울산광역시,85.8
2017,종량제 방식에 의한 혼합 배출,가연성,폐고무류,울산광역시,15.4
2017,종량제 방식에 의한 혼합 배출,가연성,플라스틱류,울산광역시,136.1
2017,종량제 방식에 의한 혼합 배출,가연성,기타,울산광역시,187.5
2017,종량제 방식에 의한 혼합 배출,불연성,폐유리류,울산광역시,24.4
2017,종량제 방식에 의한 혼합 배출,불연성,폐금속류,울산광역시,18.9
2017,종량제 방식에 의한 혼합 배출,불연성,폐토사류,울산광역시,16.8
2017,종량제 방식에 의한 혼합 배출,불연성,기타,울산광역시,93.8
2018,종량제 방식에 의한 혼합 배출,가연성,음식물류폐기물,울산광역시,8.4
2018,종량제 방식에 의한 혼합 배출,가연성,폐지류,울산광역시,85.1
2018,종량제 방식에 의한 혼합 배출,가연성,폐목재류,울산광역시,67.4
2018,종량제 방식에 의한 혼합 배출,가연성,폐고무류,울산광역시,15.2
2018,종량제 방식에 의한 혼합 배출,가연성,플라스틱류,울산광역시,125.0
2018,종량제 방식에 의한 혼합 배출,가연성,기타,울산광역시,289.9
2018,종량제 방식에 의한 혼합 배출,불연성,폐유리류,울산광역시,45.3
2018,종량제 방식에 의한 혼합 배출,불연성,폐금속류,울산광역시,31.5
2018,종량제 방식에 의한 혼합 배출,불연성,폐토사류,울산광역시,29.1
2018,종량제 방식에 의한 혼합 배출,불연성,기타,울산광역시,103.2
2019,종량제 방식에 의한 혼합 배출,가연성,음식물류폐기물,울산광역시,10.1
2019,종량제 방식에 의한 혼합 배출,가연성,폐지류,울산광역시,86.2
2019,종량제 방식에 의한 혼합 배출,가연성,폐합성수지류,울산광역시,145.0
2019,종량제 방식에 의한 혼합 배출,가연성,폐목재류,울산광역시,78.8
2019,종량제 방식에 의한 혼합 배출,가연성,폐고무류,울산광역시,10.8
2019,종량제 방식에 의한 혼합 배출,가연성,폐섬유류,울산광역시,16.0
2019,종량제 방식에 의한 혼합 배출,가연성,기타,울산광역시,231.4
2019,종량제 방식에 의한 혼합 배출,불연성,연탄재,울산광역시,0.0
2019,종량제 방식에 의한 혼합 배출,불연성,폐유리류,울산광역시,28.2
2019,종량제 방식에 의한 혼합 배출,불연성,폐금속류,울산광역시,22.3
2019,종량제 방식에 의한 혼합 배출,불연성,폐토사류,울산광역시,11.5
2019,종량제 방식에 의한 혼합 배출,불연성,폐타일 및 도자기류,울산광역시,10.4
2019,종량제 방식에 의한 혼합 배출,불연성,기타,울산광역시,74.0
2019,재활용가능자원 분리배출,폐지류,종이팩,울산광역시,19.7
2019,재활용가능자원 분리배출,폐지류,기타,울산광역시,61.2
2019,재활용가능자원 분리배출,폐합성수지류,비닐류,울산광역시,43.6
2019,재활용가능자원 분리배출,폐합성수지류,발포수지류,울산광역시,4.6
2019,재활용가능자원 분리배출,폐합성수지류,PET병,울산광역시,18.9
2019,재활용가능자원 분리배출,폐합성수지류,기타,울산광역시,17.6
2019,재활용가능자원 분리배출,영농폐기물,농약용기류,울산광역시,0.5
2019,재활용가능자원 분리배출,영농폐기물,폐비닐,울산광역시,4.8
2010,종량제 방식에 의한 혼합 배출,가연성,음식물류폐기물,세종특별자치시,0
2010,종량제 방식에 의한 혼합 배출,가연성,폐지류,세종특별자치시,0
2010,종량제 방식에 의한 혼합 배출,가연성,폐목재류,세종특별자치시,0
2010,종량제 방식에 의한 혼합 배출,가연성,폐고무류,세종특별자치시,0
2010,종량제 방식에 의한 혼합 배출,가연성,플라스틱류,세종특별자치시,0
2010,종량제 방식에 의한 혼합 배출,가연성,기타,세종특별자치시,0
2010,종량제 방식에 의한 혼합 배출,불연성,폐유리류,세종특별자치시,0
2010,종량제 방식에 의한 혼합 배출,불연성,폐금속류,세종특별자치시,0
2010,종량제 방식에 의한 혼합 배출,불연성,폐토사류,세종특별자치시,0
2010,종량제 방식에 의한 혼합 배출,불연성,기타,세종특별자치시,0
2011,종량제 방식에 의한 혼합 배출,가연성,음식물류폐기물,세종특별자치시,0
2011,종량제 방식에 의한 혼합 배출,가연성,폐지류,세종특별자치시,0
2011,종량제 방식에 의한 혼합 배출,가연성,폐목재류,세종특별자치시,0
2011,종량제 방식에 의한 혼합 배출,가연성,폐고무류,세종특별자치시,0
2011,종량제 방식에 의한 혼합 배출,가연성,플라스틱류,세종특별자치시,0
2011,종량제 방식에 의한 혼합 배출,가연성,기타,세종특별자치시,0
2011,종량제 방식에 의한 혼합 배출,불연성,폐유리류,세종특별자치시,0
2011,종량제 방식에 의한 혼합 배출,불연성,폐금속류,세종특별자치시,0
2011,종량제 방식에 의한 혼합 배출,불연성,폐토사류,세종특별자치시,0
2011,종량제 방식에 의한 혼합 배출,불연성,기타,세종특별자치시,0
2012,종량제 방식에 의한 혼합 배출,가연성,음식물류폐기물,세종특별자치시,14.1
2012,종량제 방식에 의한 혼합 배출,가연성,폐지류,세종특별자치시,2.9
2012,종량제 방식에 의한 혼합 배출,가연성,폐목재류,세종특별자치시,4.5
2012,종량제 방식에 의한 혼합 배출,가연성,폐고무류,세종특별자치시,1.7
2012,종량제 방식에 의한 혼합 배출,가연성,플라스틱류,세종특별자치시,6.6
2012,종량제 방식에 의한 혼합 배출,가연성,기타,세종특별자치시,6.6
2012,종량제 방식에 의한 혼합 배출,불연성,폐유리류,세종특별자치시,0.3
2012,종량제 방식에 의한 혼합 배출,불연성,폐금속류,세종특별자치시,1.2
2012,종량제 방식에 의한 혼합 배출,불연성,폐토사류,세종특별자치시,11.2
2012,종량제 방식에 의한 혼합 배출,불연성,기타,세종특별자치시,4.8
2013,종량제 방식에 의한 혼합 배출,가연성,음식물류폐기물,세종특별자치시,12.8
2013,종량제 방식에 의한 혼합 배출,가연성,폐지류,세종특별자치시,4.6
2013,종량제 방식에 의한 혼합 배출,가연성,폐목재류,세종특별자치시,599.7
2013,종량제 방식에 의한 혼합 배출,가연성,폐고무류,세종특별자치시,1.4
2013,종량제 방식에 의한 혼합 배출,가연성,플라스틱류,세종특별자치시,15.7
2013,종량제 방식에 의한 혼합 배출,가연성,기타,세종특별자치시,46.6
2013,종량제 방식에 의한 혼합 배출,불연성,폐유리류,세종특별자치시,0.4
2013,종량제 방식에 의한 혼합 배출,불연성,폐금속류,세종특별자치시,0.2
2013,종량제 방식에 의한 혼합 배출,불연성,폐토사류,세종특별자치시,4.2
2013,종량제 방식에 의한 혼합 배출,불연성,기타,세종특별자치시,3.2
2014,종량제 방식에 의한 혼합 배출,가연성,음식물류폐기물,세종특별자치시,5.1
2014,종량제 방식에 의한 혼합 배출,가연성,폐지류,세종특별자치시,16.6
2014,종량제 방식에 의한 혼합 배출,가연성,폐목재류,세종특별자치시,9.5
2014,종량제 방식에 의한 혼합 배출,가연성,폐고무류,세종특별자치시,0.5
2014,종량제 방식에 의한 혼합 배출,가연성,플라스틱류,세종특별자치시,16.2
2014,종량제 방식에 의한 혼합 배출,가연성,기타,세종특별자치시,14.6
2014,종량제 방식에 의한 혼합 배출,불연성,폐유리류,세종특별자치시,1.6
2014,종량제 방식에 의한 혼합 배출,불연성,폐금속류,세종특별자치시,1.2
2014,종량제 방식에 의한 혼합 배출,불연성,폐토사류,세종특별자치시,1.6
2014,종량제 방식에 의한 혼합 배출,불연성,기타,세종특별자치시,26.9
2015,종량제 방식에 의한 혼합 배출,가연성,음식물류폐기물,세종특별자치시,6.8
2015,종량제 방식에 의한 혼합 배출,가연성,폐지류,세종특별자치시,23.5
2015,종량제 방식에 의한 혼합 배출,가연성,폐목재류,세종특별자치시,13.0
2015,종량제 방식에 의한 혼합 배출,가연성,폐고무류,세종특별자치시,0.7
2015,종량제 방식에 의한 혼합 배출,가연성,플라스틱류,세종특별자치시,27.3
2015,종량제 방식에 의한 혼합 배출,가연성,기타,세종특별자치시,16.5
2015,종량제 방식에 의한 혼합 배출,불연성,폐유리류,세종특별자치시,1.7
2015,종량제 방식에 의한 혼합 배출,불연성,폐금속류,세종특별자치시,1.9
2015,종량제 방식에 의한 혼합 배출,불연성,폐토사류,세종특별자치시,2.1
2015,종량제 방식에 의한 혼합 배출,불연성,기타,세종특별자치시,13.8
2016,종량제 방식에 의한 혼합 배출,가연성,음식물류폐기물,세종특별자치시,8.3
2016,종량제 방식에 의한 혼합 배출,가연성,폐지류,세종특별자치시,27.1
2016,종량제 방식에 의한 혼합 배출,가연성,폐목재류,세종특별자치시,8.1
2016,종량제 방식에 의한 혼합 배출,가연성,폐고무류,세종특별자치시,0.9
2016,종량제 방식에 의한 혼합 배출,가연성,플라스틱류,세종특별자치시,25.5
2016,종량제 방식에 의한 혼합 배출,가연성,기타,세종특별자치시,16.1
2016,종량제 방식에 의한 혼합 배출,불연성,폐유리류,세종특별자치시,2.2
2016,종량제 방식에 의한 혼합 배출,불연성,폐금속류,세종특별자치시,1.6
2016,종량제 방식에 의한 혼합 배출,불연성,폐토사류,세종특별자치시,2.2
2016,종량제 방식에 의한 혼합 배출,불연성,기타,세종특별자치시,16.4
2017,종량제 방식에 의한 혼합 배출,가연성,음식물류폐기물,세종특별자치시,7.7
2017,종량제 방식에 의한 혼합 배출,가연성,폐지류,세종특별자치시,31.4
2017,종량제 방식에 의한 혼합 배출,가연성,폐목재류,세종특별자치시,23.2
2017,종량제 방식에 의한 혼합 배출,가연성,폐고무류,세종특별자치시,1.4
2017,종량제 방식에 의한 혼합 배출,가연성,플라스틱류,세종특별자치시,48.3
2017,종량제 방식에 의한 혼합 배출,가연성,기타,세종특별자치시,40.2
2017,종량제 방식에 의한 혼합 배출,불연성,폐유리류,세종특별자치시,2.9
2017,종량제 방식에 의한 혼합 배출,불연성,폐금속류,세종특별자치시,1.9
2017,종량제 방식에 의한 혼합 배출,불연성,폐토사류,세종특별자치시,4.1
2017,종량제 방식에 의한 혼합 배출,불연성,기타,세종특별자치시,24.3
2018,종량제 방식에 의한 혼합 배출,가연성,음식물류폐기물,세종특별자치시,33.0
2018,종량제 방식에 의한 혼합 배출,가연성,폐지류,세종특별자치시,59.3
2018,종량제 방식에 의한 혼합 배출,가연성,폐목재류,세종특별자치시,11.5
2018,종량제 방식에 의한 혼합 배출,가연성,폐고무류,세종특별자치시,2.1
2018,종량제 방식에 의한 혼합 배출,가연성,플라스틱류,세종특별자치시,56.6
2018,종량제 방식에 의한 혼합 배출,가연성,기타,세종특별자치시,23.9
2018,종량제 방식에 의한 혼합 배출,불연성,폐유리류,세종특별자치시,0.6
2018,종량제 방식에 의한 혼합 배출,불연성,폐금속류,세종특별자치시,0.3
2018,종량제 방식에 의한 혼합 배출,불연성,폐토사류,세종특별자치시,4.1
2018,종량제 방식에 의한 혼합 배출,불연성,기타,세종특별자치시,33.3
2019,종량제 방식에 의한 혼합 배출,가연성,음식물류폐기물,세종특별자치시,6.2
2019,종량제 방식에 의한 혼합 배출,가연성,폐지류,세종특별자치시,32.5
2019,종량제 방식에 의한 혼합 배출,가연성,폐합성수지류,세종특별자치시,37.1
2019,종량제 방식에 의한 혼합 배출,가연성,폐목재류,세종특별자치시,2.8
2019,종량제 방식에 의한 혼합 배출,가연성,폐고무류,세종특별자치시,1.5
2019,종량제 방식에 의한 혼합 배출,가연성,폐섬유류,세종특별자치시,4.8
2019,종량제 방식에 의한 혼합 배출,가연성,기타,세종특별자치시,49.6
2019,종량제 방식에 의한 혼합 배출,불연성,연탄재,세종특별자치시,0.7
2019,종량제 방식에 의한 혼합 배출,불연성,폐유리류,세종특별자치시,3.6
2019,종량제 방식에 의한 혼합 배출,불연성,폐금속류,세종특별자치시,2.2
2019,종량제 방식에 의한 혼합 배출,불연성,폐토사류,세종특별자치시,0.3
2019,종량제 방식에 의한 혼합 배출,불연성,폐타일 및 도자기류,세종특별자치시,0.1
2019,종량제 방식에 의한 혼합 배출,불연성,기타,세종특별자치시,5.8
2019,재활용가능자원 분리배출,폐지류,종이팩,세종특별자치시,1.2
2019,재활용가능자원 분리배출,폐지류,기타,세종특별자치시,31.1
2019,재활용가능자원 분리배출,폐합성수지류,비닐류,세종특별자치시,3.5
2019,재활용가능자원 분리배출,폐합성수지류,발포수지류,세종특별자치시,1.1
2019,재활용가능자원 분리배출,폐합성수지류,PET병,세종특별자치시,3.5
2019,재활용가능자원 분리배출,폐합성수지류,기타,세종특별자치시,4.7
2019,재활용가능자원 분리배출,영농폐기물,농약용기류,세종특별자치시,0.0
2019,재활용가능자원 분리배출,영농폐기물,폐비닐,세종특별자치시,0.8
2010,종량제 방식에 의한 혼합 배출,가연성,음식물류폐기물,경기도,0
2010,종량제 방식에 의한 혼합 배출,가연성,폐지류,경기도,1292.4
2010,종량제 방식에 의한 혼합 배출,가연성,폐목재류,경기도,822.2
2010,종량제 방식에 의한 혼합 배출,가연성,폐고무류,경기도,230.9
2010,종량제 방식에 의한 혼합 배출,가연성,플라스틱류,경기도,564.4
2010,종량제 방식에 의한 혼합 배출,가연성,기타,경기도,1072.9
2010,종량제 방식에 의한 혼합 배출,불연성,폐유리류,경기도,34.1
2010,종량제 방식에 의한 혼합 배출,불연성,폐금속류,경기도,32.8
2010,종량제 방식에 의한 혼합 배출,불연성,폐토사류,경기도,179.5
2010,종량제 방식에 의한 혼합 배출,불연성,기타,경기도,355.1
2011,종량제 방식에 의한 혼합 배출,가연성,음식물류폐기물,경기도,3.4
2011,종량제 방식에 의한 혼합 배출,가연성,폐지류,경기도,1266.9
2011,종량제 방식에 의한 혼합 배출,가연성,폐목재류,경기도,925.5
2011,종량제 방식에 의한 혼합 배출,가연성,폐고무류,경기도,185.6
2011,종량제 방식에 의한 혼합 배출,가연성,플라스틱류,경기도,568.4
2011,종량제 방식에 의한 혼합 배출,가연성,기타,경기도,1331.7
2011,종량제 방식에 의한 혼합 배출,불연성,폐유리류,경기도,23.3
2011,종량제 방식에 의한 혼합 배출,불연성,폐금속류,경기도,31.2
2011,종량제 방식에 의한 혼합 배출,불연성,폐토사류,경기도,312.1
2011,종량제 방식에 의한 혼합 배출,불연성,기타,경기도,353.1
2012,종량제 방식에 의한 혼합 배출,가연성,음식물류폐기물,경기도,0.9
2012,종량제 방식에 의한 혼합 배출,가연성,폐지류,경기도,1255.2
2012,종량제 방식에 의한 혼합 배출,가연성,폐목재류,경기도,694.8
2012,종량제 방식에 의한 혼합 배출,가연성,폐고무류,경기도,299.1
2012,종량제 방식에 의한 혼합 배출,가연성,플라스틱류,경기도,659.8
2012,종량제 방식에 의한 혼합 배출,가연성,기타,경기도,1233.1
2012,종량제 방식에 의한 혼합 배출,불연성,폐유리류,경기도,16.7
2012,종량제 방식에 의한 혼합 배출,불연성,폐금속류,경기도,19.5
2012,종량제 방식에 의한 혼합 배출,불연성,폐토사류,경기도,145.5
2012,종량제 방식에 의한 혼합 배출,불연성,기타,경기도,329.7
2013,종량제 방식에 의한 혼합 배출,가연성,음식물류폐기물,경기도,29.8
2013,종량제 방식에 의한 혼합 배출,가연성,폐지류,경기도,1355.9
2013,종량제 방식에 의한 혼합 배출,가연성,폐목재류,경기도,480.5
2013,종량제 방식에 의한 혼합 배출,가연성,폐고무류,경기도,210.2
2013,종량제 방식에 의한 혼합 배출,가연성,플라스틱류,경기도,760.4
2013,종량제 방식에 의한 혼합 배출,가연성,기타,경기도,1303.8
2013,종량제 방식에 의한 혼합 배출,불연성,폐유리류,경기도,36.4
2013,종량제 방식에 의한 혼합 배출,불연성,폐금속류,경기도,31.0
2013,종량제 방식에 의한 혼합 배출,불연성,폐토사류,경기도,181.7
2013,종량제 방식에 의한 혼합 배출,불연성,기타,경기도,294.9
2014,종량제 방식에 의한 혼합 배출,가연성,음식물류폐기물,경기도,75.2
2014,종량제 방식에 의한 혼합 배출,가연성,폐지류,경기도,1408.8
2014,종량제 방식에 의한 혼합 배출,가연성,폐목재류,경기도,576.7
2014,종량제 방식에 의한 혼합 배출,가연성,폐고무류,경기도,210.5
2014,종량제 방식에 의한 혼합 배출,가연성,플라스틱류,경기도,904.6
2014,종량제 방식에 의한 혼합 배출,가연성,기타,경기도,1293.9
2014,종량제 방식에 의한 혼합 배출,불연성,폐유리류,경기도,91.7
2014,종량제 방식에 의한 혼합 배출,불연성,폐금속류,경기도,21.6
2014,종량제 방식에 의한 혼합 배출,불연성,폐토사류,경기도,270.3
2014,종량제 방식에 의한 혼합 배출,불연성,기타,경기도,276.0
2015,종량제 방식에 의한 혼합 배출,가연성,음식물류폐기물,경기도,355.5
2015,종량제 방식에 의한 혼합 배출,가연성,폐지류,경기도,1293.2
2015,종량제 방식에 의한 혼합 배출,가연성,폐목재류,경기도,607.0
2015,종량제 방식에 의한 혼합 배출,가연성,폐고무류,경기도,285.4
2015,종량제 방식에 의한 혼합 배출,가연성,플라스틱류,경기도,1026.0
2015,종량제 방식에 의한 혼합 배출,가연성,기타,경기도,1217.0
2015,종량제 방식에 의한 혼합 배출,불연성,폐유리류,경기도,104.7
2015,종량제 방식에 의한 혼합 배출,불연성,폐금속류,경기도,39.4
2015,종량제 방식에 의한 혼합 배출,불연성,폐토사류,경기도,194.8
2015,종량제 방식에 의한 혼합 배출,불연성,기타,경기도,762.5
2016,종량제 방식에 의한 혼합 배출,가연성,음식물류폐기물,경기도,351.3
2016,종량제 방식에 의한 혼합 배출,가연성,폐지류,경기도,1239.6
2016,종량제 방식에 의한 혼합 배출,가연성,폐목재류,경기도,523.5
2016,종량제 방식에 의한 혼합 배출,가연성,폐고무류,경기도,429.3
2016,종량제 방식에 의한 혼합 배출,가연성,플라스틱류,경기도,1200.8
2016,종량제 방식에 의한 혼합 배출,가연성,기타,경기도,1323.9
2016,종량제 방식에 의한 혼합 배출,불연성,폐유리류,경기도,52.1
2016,종량제 방식에 의한 혼합 배출,불연성,폐금속류,경기도,68.5
2016,종량제 방식에 의한 혼합 배출,불연성,폐토사류,경기도,361.3
2016,종량제 방식에 의한 혼합 배출,불연성,기타,경기도,649.6
2017,종량제 방식에 의한 혼합 배출,가연성,음식물류폐기물,경기도,399.5
2017,종량제 방식에 의한 혼합 배출,가연성,폐지류,경기도,1089.3
2017,종량제 방식에 의한 혼합 배출,가연성,폐목재류,경기도,431.3
2017,종량제 방식에 의한 혼합 배출,가연성,폐고무류,경기도,316.6
2017,종량제 방식에 의한 혼합 배출,가연성,플라스틱류,경기도,1130.3
2017,종량제 방식에 의한 혼합 배출,가연성,기타,경기도,1181.7
2017,종량제 방식에 의한 혼합 배출,불연성,폐유리류,경기도,100.8
2017,종량제 방식에 의한 혼합 배출,불연성,폐금속류,경기도,74.4
2017,종량제 방식에 의한 혼합 배출,불연성,폐토사류,경기도,240.7
2017,종량제 방식에 의한 혼합 배출,불연성,기타,경기도,465.3
2018,종량제 방식에 의한 혼합 배출,가연성,음식물류폐기물,경기도,544.6
2018,종량제 방식에 의한 혼합 배출,가연성,폐지류,경기도,1133.4
2018,종량제 방식에 의한 혼합 배출,가연성,폐목재류,경기도,506.5
2018,종량제 방식에 의한 혼합 배출,가연성,폐고무류,경기도,343.7
2018,종량제 방식에 의한 혼합 배출,가연성,플라스틱류,경기도,1412.5
2018,종량제 방식에 의한 혼합 배출,가연성,기타,경기도,976.4
2018,종량제 방식에 의한 혼합 배출,불연성,폐유리류,경기도,145.2
2018,종량제 방식에 의한 혼합 배출,불연성,폐금속류,경기도,106.6
2018,종량제 방식에 의한 혼합 배출,불연성,폐토사류,경기도,165.7
2018,종량제 방식에 의한 혼합 배출,불연성,기타,경기도,527.0
2019,종량제 방식에 의한 혼합 배출,가연성,음식물류폐기물,경기도,496.7
2019,종량제 방식에 의한 혼합 배출,가연성,폐지류,경기도,1050.5
2019,종량제 방식에 의한 혼합 배출,가연성,폐합성수지류,경기도,2183.2
2019,종량제 방식에 의한 혼합 배출,가연성,폐목재류,경기도,659.5
2019,종량제 방식에 의한 혼합 배출,가연성,폐고무류,경기도,133.7
2019,종량제 방식에 의한 혼합 배출,가연성,폐섬유류,경기도,263.2
2019,종량제 방식에 의한 혼합 배출,가연성,기타,경기도,1202.5
2019,종량제 방식에 의한 혼합 배출,불연성,연탄재,경기도,43.3
2019,종량제 방식에 의한 혼합 배출,불연성,폐유리류,경기도,151.6
2019,종량제 방식에 의한 혼합 배출,불연성,폐금속류,경기도,105.6
2019,종량제 방식에 의한 혼합 배출,불연성,폐토사류,경기도,213.8
2019,종량제 방식에 의한 혼합 배출,불연성,폐타일 및 도자기류,경기도,14.2
2019,종량제 방식에 의한 혼합 배출,불연성,기타,경기도,598.6
2019,재활용가능자원 분리배출,폐지류,종이팩,경기도,5.4
2019,재활용가능자원 분리배출,폐지류,기타,경기도,404.4
2019,재활용가능자원 분리배출,폐합성수지류,비닐류,경기도,366.5
2019,재활용가능자원 분리배출,폐합성수지류,발포수지류,경기도,33.2
2019,재활용가능자원 분리배출,폐합성수지류,PET병,경기도,86.7
2019,재활용가능자원 분리배출,폐합성수지류,기타,경기도,426.4
2019,재활용가능자원 분리배출,영농폐기물,농약용기류,경기도,0.6
2019,재활용가능자원 분리배출,영농폐기물,폐비닐,경기도,51.9
2010,종량제 방식에 의한 혼합 배출,가연성,음식물류폐기물,강원도,13.0
2010,종량제 방식에 의한 혼합 배출,가연성,폐지류,강원도,202.3
2010,종량제 방식에 의한 혼합 배출,가연성,폐목재류,강원도,228.2
2010,종량제 방식에 의한 혼합 배출,가연성,폐고무류,강원도,46.2
2010,종량제 방식에 의한 혼합 배출,가연성,플라스틱류,강원도,147.3
2010,종량제 방식에 의한 혼합 배출,가연성,기타,강원도,359.1
2010,종량제 방식에 의한 혼합 배출,불연성,폐유리류,강원도,25.4
2010,종량제 방식에 의한 혼합 배출,불연성,폐금속류,강원도,32.7
2010,종량제 방식에 의한 혼합 배출,불연성,폐토사류,강원도,89.3
2010,종량제 방식에 의한 혼합 배출,불연성,기타,강원도,136.6
2011,종량제 방식에 의한 혼합 배출,가연성,음식물류폐기물,강원도,9.4
2011,종량제 방식에 의한 혼합 배출,가연성,폐지류,강원도,201.6
2011,종량제 방식에 의한 혼합 배출,가연성,폐목재류,강원도,105.8
2011,종량제 방식에 의한 혼합 배출,가연성,폐고무류,강원도,54.3
2011,종량제 방식에 의한 혼합 배출,가연성,플라스틱류,강원도,149.3
2011,종량제 방식에 의한 혼합 배출,가연성,기타,강원도,345.1
2011,종량제 방식에 의한 혼합 배출,불연성,폐유리류,강원도,27.1
2011,종량제 방식에 의한 혼합 배출,불연성,폐금속류,강원도,34.0
2011,종량제 방식에 의한 혼합 배출,불연성,폐토사류,강원도,65.9
2011,종량제 방식에 의한 혼합 배출,불연성,기타,강원도,160.8
2012,종량제 방식에 의한 혼합 배출,가연성,음식물류폐기물,강원도,37.1
2012,종량제 방식에 의한 혼합 배출,가연성,폐지류,강원도,193.8
2012,종량제 방식에 의한 혼합 배출,가연성,폐목재류,강원도,101.1
2012,종량제 방식에 의한 혼합 배출,가연성,폐고무류,강원도,57.2
2012,종량제 방식에 의한 혼합 배출,가연성,플라스틱류,강원도,146.5
2012,종량제 방식에 의한 혼합 배출,가연성,기타,강원도,335.5
2012,종량제 방식에 의한 혼합 배출,불연성,폐유리류,강원도,33.2
2012,종량제 방식에 의한 혼합 배출,불연성,폐금속류,강원도,41.6
2012,종량제 방식에 의한 혼합 배출,불연성,폐토사류,강원도,66.3
2012,종량제 방식에 의한 혼합 배출,불연성,기타,강원도,149.3
2013,종량제 방식에 의한 혼합 배출,가연성,음식물류폐기물,강원도,3.3
2013,종량제 방식에 의한 혼합 배출,가연성,폐지류,강원도,230.7
2013,종량제 방식에 의한 혼합 배출,가연성,폐목재류,강원도,77.4
2013,종량제 방식에 의한 혼합 배출,가연성,폐고무류,강원도,54.2
2013,종량제 방식에 의한 혼합 배출,가연성,플라스틱류,강원도,124.8
2013,종량제 방식에 의한 혼합 배출,가연성,기타,강원도,344.5
2013,종량제 방식에 의한 혼합 배출,불연성,폐유리류,강원도,31.3
2013,종량제 방식에 의한 혼합 배출,불연성,폐금속류,강원도,42.7
2013,종량제 방식에 의한 혼합 배출,불연성,폐토사류,강원도,74.6
2013,종량제 방식에 의한 혼합 배출,불연성,기타,강원도,129.5
2014,종량제 방식에 의한 혼합 배출,가연성,음식물류폐기물,강원도,28.6
2014,종량제 방식에 의한 혼합 배출,가연성,폐지류,강원도,203.3
2014,종량제 방식에 의한 혼합 배출,가연성,폐목재류,강원도,87.0
2014,종량제 방식에 의한 혼합 배출,가연성,폐고무류,강원도,47.0
2014,종량제 방식에 의한 혼합 배출,가연성,플라스틱류,강원도,175.5
2014,종량제 방식에 의한 혼합 배출,가연성,기타,강원도,317.1
2014,종량제 방식에 의한 혼합 배출,불연성,폐유리류,강원도,27.2
2014,종량제 방식에 의한 혼합 배출,불연성,폐금속류,강원도,28.0
2014,종량제 방식에 의한 혼합 배출,불연성,폐토사류,강원도,62.0
2014,종량제 방식에 의한 혼합 배출,불연성,기타,강원도,119.7
2015,종량제 방식에 의한 혼합 배출,가연성,음식물류폐기물,강원도,51.9
2015,종량제 방식에 의한 혼합 배출,가연성,폐지류,강원도,224.0
2015,종량제 방식에 의한 혼합 배출,가연성,폐목재류,강원도,46.8
2015,종량제 방식에 의한 혼합 배출,가연성,폐고무류,강원도,37.5
2015,종량제 방식에 의한 혼합 배출,가연성,플라스틱류,강원도,140.3
2015,종량제 방식에 의한 혼합 배출,가연성,기타,강원도,330.8
2015,종량제 방식에 의한 혼합 배출,불연성,폐유리류,강원도,23.8
2015,종량제 방식에 의한 혼합 배출,불연성,폐금속류,강원도,22.0
2015,종량제 방식에 의한 혼합 배출,불연성,폐토사류,강원도,40.5
2015,종량제 방식에 의한 혼합 배출,불연성,기타,강원도,138.3
2016,종량제 방식에 의한 혼합 배출,가연성,음식물류폐기물,강원도,54.0
2016,종량제 방식에 의한 혼합 배출,가연성,폐지류,강원도,218.5
2016,종량제 방식에 의한 혼합 배출,가연성,폐목재류,강원도,68.0
2016,종량제 방식에 의한 혼합 배출,가연성,폐고무류,강원도,31.9
2016,종량제 방식에 의한 혼합 배출,가연성,플라스틱류,강원도,126.8
2016,종량제 방식에 의한 혼합 배출,가연성,기타,강원도,405.2
2016,종량제 방식에 의한 혼합 배출,불연성,폐유리류,강원도,29.7
2016,종량제 방식에 의한 혼합 배출,불연성,폐금속류,강원도,26.5
2016,종량제 방식에 의한 혼합 배출,불연성,폐토사류,강원도,44.0
2016,종량제 방식에 의한 혼합 배출,불연성,기타,강원도,167.6
2017,종량제 방식에 의한 혼합 배출,가연성,음식물류폐기물,강원도,60.4
2017,종량제 방식에 의한 혼합 배출,가연성,폐지류,강원도,224.2
2017,종량제 방식에 의한 혼합 배출,가연성,폐목재류,강원도,52.8
2017,종량제 방식에 의한 혼합 배출,가연성,폐고무류,강원도,33.0
2017,종량제 방식에 의한 혼합 배출,가연성,플라스틱류,강원도,163.6
2017,종량제 방식에 의한 혼합 배출,가연성,기타,강원도,359.1
2017,종량제 방식에 의한 혼합 배출,불연성,폐유리류,강원도,35.1
2017,종량제 방식에 의한 혼합 배출,불연성,폐금속류,강원도,32.9
2017,종량제 방식에 의한 혼합 배출,불연성,폐토사류,강원도,32.9
2017,종량제 방식에 의한 혼합 배출,불연성,기타,강원도,210.3
2018,종량제 방식에 의한 혼합 배출,가연성,음식물류폐기물,강원도,77.4
2018,종량제 방식에 의한 혼합 배출,가연성,폐지류,강원도,247.3
2018,종량제 방식에 의한 혼합 배출,가연성,폐목재류,강원도,64.9
2018,종량제 방식에 의한 혼합 배출,가연성,폐고무류,강원도,42.5
2018,종량제 방식에 의한 혼합 배출,가연성,플라스틱류,강원도,188.3
2018,종량제 방식에 의한 혼합 배출,가연성,기타,강원도,282.1
2018,종량제 방식에 의한 혼합 배출,불연성,폐유리류,강원도,49.9
2018,종량제 방식에 의한 혼합 배출,불연성,폐금속류,강원도,38.9
2018,종량제 방식에 의한 혼합 배출,불연성,폐토사류,강원도,20.5
2018,종량제 방식에 의한 혼합 배출,불연성,기타,강원도,171.9
2019,종량제 방식에 의한 혼합 배출,가연성,음식물류폐기물,강원도,58.9
2019,종량제 방식에 의한 혼합 배출,가연성,폐지류,강원도,248.8
2019,종량제 방식에 의한 혼합 배출,가연성,폐합성수지류,강원도,284.7
2019,종량제 방식에 의한 혼합 배출,가연성,폐목재류,강원도,54.8
2019,종량제 방식에 의한 혼합 배출,가연성,폐고무류,강원도,16.3
2019,종량제 방식에 의한 혼합 배출,가연성,폐섬유류,강원도,32.3
2019,종량제 방식에 의한 혼합 배출,가연성,기타,강원도,224.6
2019,종량제 방식에 의한 혼합 배출,불연성,연탄재,강원도,48.2
2019,종량제 방식에 의한 혼합 배출,불연성,폐유리류,강원도,38.6
2019,종량제 방식에 의한 혼합 배출,불연성,폐금속류,강원도,27.0
2019,종량제 방식에 의한 혼합 배출,불연성,폐토사류,강원도,18.0
2019,종량제 방식에 의한 혼합 배출,불연성,폐타일 및 도자기류,강원도,34.5
2019,종량제 방식에 의한 혼합 배출,불연성,기타,강원도,172.3
2019,재활용가능자원 분리배출,폐지류,종이팩,강원도,2.2
2019,재활용가능자원 분리배출,폐지류,기타,강원도,170.3
2019,재활용가능자원 분리배출,폐합성수지류,비닐류,강원도,25.4
2019,재활용가능자원 분리배출,폐합성수지류,발포수지류,강원도,3.7
2019,재활용가능자원 분리배출,폐합성수지류,PET병,강원도,21.0
2019,재활용가능자원 분리배출,폐합성수지류,기타,강원도,21.9
2019,재활용가능자원 분리배출,영농폐기물,농약용기류,강원도,15.4
2019,재활용가능자원 분리배출,영농폐기물,폐비닐,강원도,22.6
2010,종량제 방식에 의한 혼합 배출,가연성,음식물류폐기물,충청북도,38.7
2010,종량제 방식에 의한 혼합 배출,가연성,폐지류,충청북도,178.6
2010,종량제 방식에 의한 혼합 배출,가연성,폐목재류,충청북도,96.5
2010,종량제 방식에 의한 혼합 배출,가연성,폐고무류,충청북도,21.0
2010,종량제 방식에 의한 혼합 배출,가연성,플라스틱류,충청북도,50.6
2010,종량제 방식에 의한 혼합 배출,가연성,기타,충청북도,137.6
2010,종량제 방식에 의한 혼합 배출,불연성,폐유리류,충청북도,9.9
2010,종량제 방식에 의한 혼합 배출,불연성,폐금속류,충청북도,8.5
2010,종량제 방식에 의한 혼합 배출,불연성,폐토사류,충청북도,118.1
2010,종량제 방식에 의한 혼합 배출,불연성,기타,충청북도,130.9
2011,종량제 방식에 의한 혼합 배출,가연성,음식물류폐기물,충청북도,23.7
2011,종량제 방식에 의한 혼합 배출,가연성,폐지류,충청북도,183.2
2011,종량제 방식에 의한 혼합 배출,가연성,폐목재류,충청북도,91.1
2011,종량제 방식에 의한 혼합 배출,가연성,폐고무류,충청북도,17.5
2011,종량제 방식에 의한 혼합 배출,가연성,플라스틱류,충청북도,48.2
2011,종량제 방식에 의한 혼합 배출,가연성,기타,충청북도,171.4
2011,종량제 방식에 의한 혼합 배출,불연성,폐유리류,충청북도,17.0
2011,종량제 방식에 의한 혼합 배출,불연성,폐금속류,충청북도,6.0
2011,종량제 방식에 의한 혼합 배출,불연성,폐토사류,충청북도,112.8
2011,종량제 방식에 의한 혼합 배출,불연성,기타,충청북도,103.9
2012,종량제 방식에 의한 혼합 배출,가연성,음식물류폐기물,충청북도,9.9
2012,종량제 방식에 의한 혼합 배출,가연성,폐지류,충청북도,191.7
2012,종량제 방식에 의한 혼합 배출,가연성,폐목재류,충청북도,55.5
2012,종량제 방식에 의한 혼합 배출,가연성,폐고무류,충청북도,19.6
2012,종량제 방식에 의한 혼합 배출,가연성,플라스틱류,충청북도,69.8
2012,종량제 방식에 의한 혼합 배출,가연성,기타,충청북도,164.7
2012,종량제 방식에 의한 혼합 배출,불연성,폐유리류,충청북도,10.1
2012,종량제 방식에 의한 혼합 배출,불연성,폐금속류,충청북도,13.0
2012,종량제 방식에 의한 혼합 배출,불연성,폐토사류,충청북도,91.6
2012,종량제 방식에 의한 혼합 배출,불연성,기타,충청북도,111.8
2013,종량제 방식에 의한 혼합 배출,가연성,음식물류폐기물,충청북도,12.2
2013,종량제 방식에 의한 혼합 배출,가연성,폐지류,충청북도,179.5
2013,종량제 방식에 의한 혼합 배출,가연성,폐목재류,충청북도,69.8
2013,종량제 방식에 의한 혼합 배출,가연성,폐고무류,충청북도,29.4
2013,종량제 방식에 의한 혼합 배출,가연성,플라스틱류,충청북도,78.5
2013,종량제 방식에 의한 혼합 배출,가연성,기타,충청북도,122.6
2013,종량제 방식에 의한 혼합 배출,불연성,폐유리류,충청북도,8.4
2013,종량제 방식에 의한 혼합 배출,불연성,폐금속류,충청북도,9.9
2013,종량제 방식에 의한 혼합 배출,불연성,폐토사류,충청북도,113.0
2013,종량제 방식에 의한 혼합 배출,불연성,기타,충청북도,110.3
2014,종량제 방식에 의한 혼합 배출,가연성,음식물류폐기물,충청북도,26.7
2014,종량제 방식에 의한 혼합 배출,가연성,폐지류,충청북도,168.3
2014,종량제 방식에 의한 혼합 배출,가연성,폐목재류,충청북도,88.1
2014,종량제 방식에 의한 혼합 배출,가연성,폐고무류,충청북도,22.6
2014,종량제 방식에 의한 혼합 배출,가연성,플라스틱류,충청북도,82.1
2014,종량제 방식에 의한 혼합 배출,가연성,기타,충청북도,144.9
2014,종량제 방식에 의한 혼합 배출,불연성,폐유리류,충청북도,7.6
2014,종량제 방식에 의한 혼합 배출,불연성,폐금속류,충청북도,7.7
2014,종량제 방식에 의한 혼합 배출,불연성,폐토사류,충청북도,76.7
2014,종량제 방식에 의한 혼합 배출,불연성,기타,충청북도,150.6
2015,종량제 방식에 의한 혼합 배출,가연성,음식물류폐기물,충청북도,68.0
2015,종량제 방식에 의한 혼합 배출,가연성,폐지류,충청북도,189.5
2015,종량제 방식에 의한 혼합 배출,가연성,폐목재류,충청북도,39.2
2015,종량제 방식에 의한 혼합 배출,가연성,폐고무류,충청북도,18.8
2015,종량제 방식에 의한 혼합 배출,가연성,플라스틱류,충청북도,144.1
2015,종량제 방식에 의한 혼합 배출,가연성,기타,충청북도,135.7
2015,종량제 방식에 의한 혼합 배출,불연성,폐유리류,충청북도,17.9
2015,종량제 방식에 의한 혼합 배출,불연성,폐금속류,충청북도,15.3
2015,종량제 방식에 의한 혼합 배출,불연성,폐토사류,충청북도,23.8
2015,종량제 방식에 의한 혼합 배출,불연성,기타,충청북도,81.0
2016,종량제 방식에 의한 혼합 배출,가연성,음식물류폐기물,충청북도,112.1
2016,종량제 방식에 의한 혼합 배출,가연성,폐지류,충청북도,220.4
2016,종량제 방식에 의한 혼합 배출,가연성,폐목재류,충청북도,27.8
2016,종량제 방식에 의한 혼합 배출,가연성,폐고무류,충청북도,20.2
2016,종량제 방식에 의한 혼합 배출,가연성,플라스틱류,충청북도,158.8
2016,종량제 방식에 의한 혼합 배출,가연성,기타,충청북도,138.4
2016,종량제 방식에 의한 혼합 배출,불연성,폐유리류,충청북도,39.5
2016,종량제 방식에 의한 혼합 배출,불연성,폐금속류,충청북도,24.5
2016,종량제 방식에 의한 혼합 배출,불연성,폐토사류,충청북도,10.7
2016,종량제 방식에 의한 혼합 배출,불연성,기타,충청북도,66.2
2017,종량제 방식에 의한 혼합 배출,가연성,음식물류폐기물,충청북도,87.0
2017,종량제 방식에 의한 혼합 배출,가연성,폐지류,충청북도,186.3
2017,종량제 방식에 의한 혼합 배출,가연성,폐목재류,충청북도,28.7
2017,종량제 방식에 의한 혼합 배출,가연성,폐고무류,충청북도,35.3
2017,종량제 방식에 의한 혼합 배출,가연성,플라스틱류,충청북도,166.7
2017,종량제 방식에 의한 혼합 배출,가연성,기타,충청북도,205.3
2017,종량제 방식에 의한 혼합 배출,불연성,폐유리류,충청북도,20.6
2017,종량제 방식에 의한 혼합 배출,불연성,폐금속류,충청북도,11.5
2017,종량제 방식에 의한 혼합 배출,불연성,폐토사류,충청북도,7.1
2017,종량제 방식에 의한 혼합 배출,불연성,기타,충청북도,102.1
2018,종량제 방식에 의한 혼합 배출,가연성,음식물류폐기물,충청북도,82.7
2018,종량제 방식에 의한 혼합 배출,가연성,폐지류,충청북도,196.2
2018,종량제 방식에 의한 혼합 배출,가연성,폐목재류,충청북도,41.3
2018,종량제 방식에 의한 혼합 배출,가연성,폐고무류,충청북도,30.7
2018,종량제 방식에 의한 혼합 배출,가연성,플라스틱류,충청북도,168.2
2018,종량제 방식에 의한 혼합 배출,가연성,기타,충청북도,206.8
2018,종량제 방식에 의한 혼합 배출,불연성,폐유리류,충청북도,24.2
2018,종량제 방식에 의한 혼합 배출,불연성,폐금속류,충청북도,11.5
2018,종량제 방식에 의한 혼합 배출,불연성,폐토사류,충청북도,12.0
2018,종량제 방식에 의한 혼합 배출,불연성,기타,충청북도,127.6
2019,종량제 방식에 의한 혼합 배출,가연성,음식물류폐기물,충청북도,85.8
2019,종량제 방식에 의한 혼합 배출,가연성,폐지류,충청북도,207.7
2019,종량제 방식에 의한 혼합 배출,가연성,폐합성수지류,충청북도,233.1
2019,종량제 방식에 의한 혼합 배출,가연성,폐목재류,충청북도,75.3
2019,종량제 방식에 의한 혼합 배출,가연성,폐고무류,충청북도,8.4
2019,종량제 방식에 의한 혼합 배출,가연성,폐섬유류,충청북도,30.7
2019,종량제 방식에 의한 혼합 배출,가연성,기타,충청북도,227.9
2019,종량제 방식에 의한 혼합 배출,불연성,연탄재,충청북도,19.7
2019,종량제 방식에 의한 혼합 배출,불연성,폐유리류,충청북도,32.5
2019,종량제 방식에 의한 혼합 배출,불연성,폐금속류,충청북도,17.3
2019,종량제 방식에 의한 혼합 배출,불연성,폐토사류,충청북도,9.7
2019,종량제 방식에 의한 혼합 배출,불연성,폐타일 및 도자기류,충청북도,53.8
2019,종량제 방식에 의한 혼합 배출,불연성,기타,충청북도,116.3
2019,재활용가능자원 분리배출,폐지류,종이팩,충청북도,4.2
2019,재활용가능자원 분리배출,폐지류,기타,충청북도,158.7
2019,재활용가능자원 분리배출,폐합성수지류,비닐류,충청북도,85.0
2019,재활용가능자원 분리배출,폐합성수지류,발포수지류,충청북도,3.8
2019,재활용가능자원 분리배출,폐합성수지류,PET병,충청북도,15.2
2019,재활용가능자원 분리배출,폐합성수지류,기타,충청북도,20.7
2019,재활용가능자원 분리배출,영농폐기물,농약용기류,충청북도,3.4
2019,재활용가능자원 분리배출,영농폐기물,폐비닐,충청북도,57.7
2010,종량제 방식에 의한 혼합 배출,가연성,음식물류폐기물,충청남도,39.8
2010,종량제 방식에 의한 혼합 배출,가연성,폐지류,충청남도,218.7
2010,종량제 방식에 의한 혼합 배출,가연성,폐목재류,충청남도,126.7
2010,종량제 방식에 의한 혼합 배출,가연성,폐고무류,충청남도,48.8
2010,종량제 방식에 의한 혼합 배출,가연성,플라스틱류,충청남도,161.7
2010,종량제 방식에 의한 혼합 배출,가연성,기타,충청남도,143.7
2010,종량제 방식에 의한 혼합 배출,불연성,폐유리류,충청남도,47.8
2010,종량제 방식에 의한 혼합 배출,불연성,폐금속류,충청남도,45.9
2010,종량제 방식에 의한 혼합 배출,불연성,폐토사류,충청남도,41.9
2010,종량제 방식에 의한 혼합 배출,불연성,기타,충청남도,138.9
2011,종량제 방식에 의한 혼합 배출,가연성,음식물류폐기물,충청남도,104.1
2011,종량제 방식에 의한 혼합 배출,가연성,폐지류,충청남도,178.3
2011,종량제 방식에 의한 혼합 배출,가연성,폐목재류,충청남도,166.7
2011,종량제 방식에 의한 혼합 배출,가연성,폐고무류,충청남도,78.6
2011,종량제 방식에 의한 혼합 배출,가연성,플라스틱류,충청남도,127.5
2011,종량제 방식에 의한 혼합 배출,가연성,기타,충청남도,161.8
2011,종량제 방식에 의한 혼합 배출,불연성,폐유리류,충청남도,43.0
2011,종량제 방식에 의한 혼합 배출,불연성,폐금속류,충청남도,45.3
2011,종량제 방식에 의한 혼합 배출,불연성,폐토사류,충청남도,26.8
2011,종량제 방식에 의한 혼합 배출,불연성,기타,충청남도,168.6
2012,종량제 방식에 의한 혼합 배출,가연성,음식물류폐기물,충청남도,18.9
2012,종량제 방식에 의한 혼합 배출,가연성,폐지류,충청남도,200.7
2012,종량제 방식에 의한 혼합 배출,가연성,폐목재류,충청남도,82.8
2012,종량제 방식에 의한 혼합 배출,가연성,폐고무류,충청남도,54.0
2012,종량제 방식에 의한 혼합 배출,가연성,플라스틱류,충청남도,186.8
2012,종량제 방식에 의한 혼합 배출,가연성,기타,충청남도,221.5
2012,종량제 방식에 의한 혼합 배출,불연성,폐유리류,충청남도,43.9
2012,종량제 방식에 의한 혼합 배출,불연성,폐금속류,충청남도,52.2
2012,종량제 방식에 의한 혼합 배출,불연성,폐토사류,충청남도,27.5
2012,종량제 방식에 의한 혼합 배출,불연성,기타,충청남도,155.8
2013,종량제 방식에 의한 혼합 배출,가연성,음식물류폐기물,충청남도,44.0
2013,종량제 방식에 의한 혼합 배출,가연성,폐지류,충청남도,220.7
2013,종량제 방식에 의한 혼합 배출,가연성,폐목재류,충청남도,83.7
2013,종량제 방식에 의한 혼합 배출,가연성,폐고무류,충청남도,62.9
2013,종량제 방식에 의한 혼합 배출,가연성,플라스틱류,충청남도,170.3
2013,종량제 방식에 의한 혼합 배출,가연성,기타,충청남도,150.3
2013,종량제 방식에 의한 혼합 배출,불연성,폐유리류,충청남도,44.8
2013,종량제 방식에 의한 혼합 배출,불연성,폐금속류,충청남도,52.1
2013,종량제 방식에 의한 혼합 배출,불연성,폐토사류,충청남도,27.8
2013,종량제 방식에 의한 혼합 배출,불연성,기타,충청남도,229.4
2014,종량제 방식에 의한 혼합 배출,가연성,음식물류폐기물,충청남도,41.8
2014,종량제 방식에 의한 혼합 배출,가연성,폐지류,충청남도,328.0
2014,종량제 방식에 의한 혼합 배출,가연성,폐목재류,충청남도,59.0
2014,종량제 방식에 의한 혼합 배출,가연성,폐고무류,충청남도,67.3
2014,종량제 방식에 의한 혼합 배출,가연성,플라스틱류,충청남도,209.8
2014,종량제 방식에 의한 혼합 배출,가연성,기타,충청남도,235.0
2014,종량제 방식에 의한 혼합 배출,불연성,폐유리류,충청남도,33.4
2014,종량제 방식에 의한 혼합 배출,불연성,폐금속류,충청남도,27.6
2014,종량제 방식에 의한 혼합 배출,불연성,폐토사류,충청남도,42.9
2014,종량제 방식에 의한 혼합 배출,불연성,기타,충청남도,90.2
2015,종량제 방식에 의한 혼합 배출,가연성,음식물류폐기물,충청남도,86.9
2015,종량제 방식에 의한 혼합 배출,가연성,폐지류,충청남도,233.1
2015,종량제 방식에 의한 혼합 배출,가연성,폐목재류,충청남도,92.9
2015,종량제 방식에 의한 혼합 배출,가연성,폐고무류,충청남도,47.3
2015,종량제 방식에 의한 혼합 배출,가연성,플라스틱류,충청남도,222.4
2015,종량제 방식에 의한 혼합 배출,가연성,기타,충청남도,238.9
2015,종량제 방식에 의한 혼합 배출,불연성,폐유리류,충청남도,31.8
2015,종량제 방식에 의한 혼합 배출,불연성,폐금속류,충청남도,21.2
2015,종량제 방식에 의한 혼합 배출,불연성,폐토사류,충청남도,50.3
2015,종량제 방식에 의한 혼합 배출,불연성,기타,충청남도,153.2
2016,종량제 방식에 의한 혼합 배출,가연성,음식물류폐기물,충청남도,125.1
2016,종량제 방식에 의한 혼합 배출,가연성,폐지류,충청남도,285.3
2016,종량제 방식에 의한 혼합 배출,가연성,폐목재류,충청남도,114.6
2016,종량제 방식에 의한 혼합 배출,가연성,폐고무류,충청남도,56.4
2016,종량제 방식에 의한 혼합 배출,가연성,플라스틱류,충청남도,276.5
2016,종량제 방식에 의한 혼합 배출,가연성,기타,충청남도,152.3
2016,종량제 방식에 의한 혼합 배출,불연성,폐유리류,충청남도,40.7
2016,종량제 방식에 의한 혼합 배출,불연성,폐금속류,충청남도,30.1
2016,종량제 방식에 의한 혼합 배출,불연성,폐토사류,충청남도,20.0
2016,종량제 방식에 의한 혼합 배출,불연성,기타,충청남도,119.5
2017,종량제 방식에 의한 혼합 배출,가연성,음식물류폐기물,충청남도,128.2
2017,종량제 방식에 의한 혼합 배출,가연성,폐지류,충청남도,250.3
2017,종량제 방식에 의한 혼합 배출,가연성,폐목재류,충청남도,127.5
2017,종량제 방식에 의한 혼합 배출,가연성,폐고무류,충청남도,41.2
2017,종량제 방식에 의한 혼합 배출,가연성,플라스틱류,충청남도,258.5
2017,종량제 방식에 의한 혼합 배출,가연성,기타,충청남도,324.9
2017,종량제 방식에 의한 혼합 배출,불연성,폐유리류,충청남도,51.5
2017,종량제 방식에 의한 혼합 배출,불연성,폐금속류,충청남도,30.1
2017,종량제 방식에 의한 혼합 배출,불연성,폐토사류,충청남도,16.3
2017,종량제 방식에 의한 혼합 배출,불연성,기타,충청남도,109.5
2018,종량제 방식에 의한 혼합 배출,가연성,음식물류폐기물,충청남도,115.7
2018,종량제 방식에 의한 혼합 배출,가연성,폐지류,충청남도,263.2
2018,종량제 방식에 의한 혼합 배출,가연성,폐목재류,충청남도,166.0
2018,종량제 방식에 의한 혼합 배출,가연성,폐고무류,충청남도,98.6
2018,종량제 방식에 의한 혼합 배출,가연성,플라스틱류,충청남도,333.8
2018,종량제 방식에 의한 혼합 배출,가연성,기타,충청남도,205.8
2018,종량제 방식에 의한 혼합 배출,불연성,폐유리류,충청남도,53.6
2018,종량제 방식에 의한 혼합 배출,불연성,폐금속류,충청남도,17.4
2018,종량제 방식에 의한 혼합 배출,불연성,폐토사류,충청남도,50.7
2018,종량제 방식에 의한 혼합 배출,불연성,기타,충청남도,132.9
2019,종량제 방식에 의한 혼합 배출,가연성,음식물류폐기물,충청남도,131.5
2019,종량제 방식에 의한 혼합 배출,가연성,폐지류,충청남도,279.7
2019,종량제 방식에 의한 혼합 배출,가연성,폐합성수지류,충청남도,330.6
2019,종량제 방식에 의한 혼합 배출,가연성,폐목재류,충청남도,138.6
2019,종량제 방식에 의한 혼합 배출,가연성,폐고무류,충청남도,46.3
2019,종량제 방식에 의한 혼합 배출,가연성,폐섬유류,충청남도,68.8
2019,종량제 방식에 의한 혼합 배출,가연성,기타,충청남도,168.6
2019,종량제 방식에 의한 혼합 배출,불연성,연탄재,충청남도,13.5
2019,종량제 방식에 의한 혼합 배출,불연성,폐유리류,충청남도,38.4
2019,종량제 방식에 의한 혼합 배출,불연성,폐금속류,충청남도,24.3
2019,종량제 방식에 의한 혼합 배출,불연성,폐토사류,충청남도,47.0
2019,종량제 방식에 의한 혼합 배출,불연성,폐타일 및 도자기류,충청남도,9.5
2019,종량제 방식에 의한 혼합 배출,불연성,기타,충청남도,109.8
2019,재활용가능자원 분리배출,폐지류,종이팩,충청남도,5.3
2019,재활용가능자원 분리배출,폐지류,기타,충청남도,144.8
2019,재활용가능자원 분리배출,폐합성수지류,비닐류,충청남도,87.3
2019,재활용가능자원 분리배출,폐합성수지류,발포수지류,충청남도,4.3
2019,재활용가능자원 분리배출,폐합성수지류,PET병,충청남도,14.1
2019,재활용가능자원 분리배출,폐합성수지류,기타,충청남도,46.3
2019,재활용가능자원 분리배출,영농폐기물,농약용기류,충청남도,33.6
2019,재활용가능자원 분리배출,영농폐기물,폐비닐,충청남도,41.4
2010,종량제 방식에 의한 혼합 배출,가연성,음식물류폐기물,전라북도,10.4
2010,종량제 방식에 의한 혼합 배출,가연성,폐지류,전라북도,157.5
2010,종량제 방식에 의한 혼합 배출,가연성,폐목재류,전라북도,72.4
2010,종량제 방식에 의한 혼합 배출,가연성,폐고무류,전라북도,35.1
2010,종량제 방식에 의한 혼합 배출,가연성,플라스틱류,전라북도,91.5
2010,종량제 방식에 의한 혼합 배출,가연성,기타,전라북도,126.5
2010,종량제 방식에 의한 혼합 배출,불연성,폐유리류,전라북도,12.2
2010,종량제 방식에 의한 혼합 배출,불연성,폐금속류,전라북도,13.3
2010,종량제 방식에 의한 혼합 배출,불연성,폐토사류,전라북도,38.9
2010,종량제 방식에 의한 혼합 배출,불연성,기타,전라북도,65.8
2011,종량제 방식에 의한 혼합 배출,가연성,음식물류폐기물,전라북도,7.5
2011,종량제 방식에 의한 혼합 배출,가연성,폐지류,전라북도,165.8
2011,종량제 방식에 의한 혼합 배출,가연성,폐목재류,전라북도,57.2
2011,종량제 방식에 의한 혼합 배출,가연성,폐고무류,전라북도,55.6
2011,종량제 방식에 의한 혼합 배출,가연성,플라스틱류,전라북도,101.7
2011,종량제 방식에 의한 혼합 배출,가연성,기타,전라북도,151.0
2011,종량제 방식에 의한 혼합 배출,불연성,폐유리류,전라북도,17.2
2011,종량제 방식에 의한 혼합 배출,불연성,폐금속류,전라북도,18.2
2011,종량제 방식에 의한 혼합 배출,불연성,폐토사류,전라북도,38.0
2011,종량제 방식에 의한 혼합 배출,불연성,기타,전라북도,170.7
2012,종량제 방식에 의한 혼합 배출,가연성,음식물류폐기물,전라북도,6.1
2012,종량제 방식에 의한 혼합 배출,가연성,폐지류,전라북도,190.2
2012,종량제 방식에 의한 혼합 배출,가연성,폐목재류,전라북도,60.2
2012,종량제 방식에 의한 혼합 배출,가연성,폐고무류,전라북도,48.1
2012,종량제 방식에 의한 혼합 배출,가연성,플라스틱류,전라북도,130.0
2012,종량제 방식에 의한 혼합 배출,가연성,기타,전라북도,224.7
2012,종량제 방식에 의한 혼합 배출,불연성,폐유리류,전라북도,18.4
2012,종량제 방식에 의한 혼합 배출,불연성,폐금속류,전라북도,20.2
2012,종량제 방식에 의한 혼합 배출,불연성,폐토사류,전라북도,30.3
2012,종량제 방식에 의한 혼합 배출,불연성,기타,전라북도,60.4
2013,종량제 방식에 의한 혼합 배출,가연성,음식물류폐기물,전라북도,5.5
2013,종량제 방식에 의한 혼합 배출,가연성,폐지류,전라북도,190.8
2013,종량제 방식에 의한 혼합 배출,가연성,폐목재류,전라북도,68.8
2013,종량제 방식에 의한 혼합 배출,가연성,폐고무류,전라북도,57.4
2013,종량제 방식에 의한 혼합 배출,가연성,플라스틱류,전라북도,121.1
2013,종량제 방식에 의한 혼합 배출,가연성,기타,전라북도,149.1
2013,종량제 방식에 의한 혼합 배출,불연성,폐유리류,전라북도,26.9
2013,종량제 방식에 의한 혼합 배출,불연성,폐금속류,전라북도,26.7
2013,종량제 방식에 의한 혼합 배출,불연성,폐토사류,전라북도,29.4
2013,종량제 방식에 의한 혼합 배출,불연성,기타,전라북도,46.9
2014,종량제 방식에 의한 혼합 배출,가연성,음식물류폐기물,전라북도,18.3
2014,종량제 방식에 의한 혼합 배출,가연성,폐지류,전라북도,203.5
2014,종량제 방식에 의한 혼합 배출,가연성,폐목재류,전라북도,70.5
2014,종량제 방식에 의한 혼합 배출,가연성,폐고무류,전라북도,67.6
2014,종량제 방식에 의한 혼합 배출,가연성,플라스틱류,전라북도,119.4
2014,종량제 방식에 의한 혼합 배출,가연성,기타,전라북도,166.4
2014,종량제 방식에 의한 혼합 배출,불연성,폐유리류,전라북도,22.3
2014,종량제 방식에 의한 혼합 배출,불연성,폐금속류,전라북도,22.7
2014,종량제 방식에 의한 혼합 배출,불연성,폐토사류,전라북도,21.1
2014,종량제 방식에 의한 혼합 배출,불연성,기타,전라북도,45.9
2015,종량제 방식에 의한 혼합 배출,가연성,음식물류폐기물,전라북도,35.5
2015,종량제 방식에 의한 혼합 배출,가연성,폐지류,전라북도,211.1
2015,종량제 방식에 의한 혼합 배출,가연성,폐목재류,전라북도,53.1
2015,종량제 방식에 의한 혼합 배출,가연성,폐고무류,전라북도,52.4
2015,종량제 방식에 의한 혼합 배출,가연성,플라스틱류,전라북도,163.7
2015,종량제 방식에 의한 혼합 배출,가연성,기타,전라북도,168.4
2015,종량제 방식에 의한 혼합 배출,불연성,폐유리류,전라북도,21.2
2015,종량제 방식에 의한 혼합 배출,불연성,폐금속류,전라북도,18.8
2015,종량제 방식에 의한 혼합 배출,불연성,폐토사류,전라북도,15.8
2015,종량제 방식에 의한 혼합 배출,불연성,기타,전라북도,101.0
2016,종량제 방식에 의한 혼합 배출,가연성,음식물류폐기물,전라북도,72.8
2016,종량제 방식에 의한 혼합 배출,가연성,폐지류,전라북도,231.5
2016,종량제 방식에 의한 혼합 배출,가연성,폐목재류,전라북도,28.1
2016,종량제 방식에 의한 혼합 배출,가연성,폐고무류,전라북도,25.2
2016,종량제 방식에 의한 혼합 배출,가연성,플라스틱류,전라북도,185.5
2016,종량제 방식에 의한 혼합 배출,가연성,기타,전라북도,191.3
2016,종량제 방식에 의한 혼합 배출,불연성,폐유리류,전라북도,37.6
2016,종량제 방식에 의한 혼합 배출,불연성,폐금속류,전라북도,21.1
2016,종량제 방식에 의한 혼합 배출,불연성,폐토사류,전라북도,14.4
2016,종량제 방식에 의한 혼합 배출,불연성,기타,전라북도,46.5
2017,종량제 방식에 의한 혼합 배출,가연성,음식물류폐기물,전라북도,84.6
2017,종량제 방식에 의한 혼합 배출,가연성,폐지류,전라북도,210.5
2017,종량제 방식에 의한 혼합 배출,가연성,폐목재류,전라북도,51.1
2017,종량제 방식에 의한 혼합 배출,가연성,폐고무류,전라북도,24.3
2017,종량제 방식에 의한 혼합 배출,가연성,플라스틱류,전라북도,181.4
2017,종량제 방식에 의한 혼합 배출,가연성,기타,전라북도,190.6
2017,종량제 방식에 의한 혼합 배출,불연성,폐유리류,전라북도,46.3
2017,종량제 방식에 의한 혼합 배출,불연성,폐금속류,전라북도,27.9
2017,종량제 방식에 의한 혼합 배출,불연성,폐토사류,전라북도,16.2
2017,종량제 방식에 의한 혼합 배출,불연성,기타,전라북도,85.4
2018,종량제 방식에 의한 혼합 배출,가연성,음식물류폐기물,전라북도,36.5
2018,종량제 방식에 의한 혼합 배출,가연성,폐지류,전라북도,254.6
2018,종량제 방식에 의한 혼합 배출,가연성,폐목재류,전라북도,58.5
2018,종량제 방식에 의한 혼합 배출,가연성,폐고무류,전라북도,35.9
2018,종량제 방식에 의한 혼합 배출,가연성,플라스틱류,전라북도,210.6
2018,종량제 방식에 의한 혼합 배출,가연성,기타,전라북도,190.9
2018,종량제 방식에 의한 혼합 배출,불연성,폐유리류,전라북도,27.5
2018,종량제 방식에 의한 혼합 배출,불연성,폐금속류,전라북도,26.0
2018,종량제 방식에 의한 혼합 배출,불연성,폐토사류,전라북도,14.1
2018,종량제 방식에 의한 혼합 배출,불연성,기타,전라북도,57.4
2019,종량제 방식에 의한 혼합 배출,가연성,음식물류폐기물,전라북도,69.8
2019,종량제 방식에 의한 혼합 배출,가연성,폐지류,전라북도,217.5
2019,종량제 방식에 의한 혼합 배출,가연성,폐합성수지류,전라북도,242.8
2019,종량제 방식에 의한 혼합 배출,가연성,폐목재류,전라북도,102.4
2019,종량제 방식에 의한 혼합 배출,가연성,폐고무류,전라북도,17.9
2019,종량제 방식에 의한 혼합 배출,가연성,폐섬유류,전라북도,55.1
2019,종량제 방식에 의한 혼합 배출,가연성,기타,전라북도,162.2
2019,종량제 방식에 의한 혼합 배출,불연성,연탄재,전라북도,6.6
2019,종량제 방식에 의한 혼합 배출,불연성,폐유리류,전라북도,39.9
2019,종량제 방식에 의한 혼합 배출,불연성,폐금속류,전라북도,34.5
2019,종량제 방식에 의한 혼합 배출,불연성,폐토사류,전라북도,14.2
2019,종량제 방식에 의한 혼합 배출,불연성,폐타일 및 도자기류,전라북도,7.5
2019,종량제 방식에 의한 혼합 배출,불연성,기타,전라북도,74.2
2019,재활용가능자원 분리배출,폐지류,종이팩,전라북도,4.9
2019,재활용가능자원 분리배출,폐지류,기타,전라북도,32.6
2019,재활용가능자원 분리배출,폐합성수지류,비닐류,전라북도,25.7
2019,재활용가능자원 분리배출,폐합성수지류,발포수지류,전라북도,5.2
2019,재활용가능자원 분리배출,폐합성수지류,PET병,전라북도,25.2
2019,재활용가능자원 분리배출,폐합성수지류,기타,전라북도,10.2
2019,재활용가능자원 분리배출,영농폐기물,농약용기류,전라북도,3.0
2019,재활용가능자원 분리배출,영농폐기물,폐비닐,전라북도,36.3
2010,종량제 방식에 의한 혼합 배출,가연성,음식물류폐기물,전라남도,15.1
2010,종량제 방식에 의한 혼합 배출,가연성,폐지류,전라남도,266.3
2010,종량제 방식에 의한 혼합 배출,가연성,폐목재류,전라남도,65.0
2010,종량제 방식에 의한 혼합 배출,가연성,폐고무류,전라남도,37.3
2010,종량제 방식에 의한 혼합 배출,가연성,플라스틱류,전라남도,153.3
2010,종량제 방식에 의한 혼합 배출,가연성,기타,전라남도,457.5
2010,종량제 방식에 의한 혼합 배출,불연성,폐유리류,전라남도,13.6
2010,종량제 방식에 의한 혼합 배출,불연성,폐금속류,전라남도,19.5
2010,종량제 방식에 의한 혼합 배출,불연성,폐토사류,전라남도,25.2
2010,종량제 방식에 의한 혼합 배출,불연성,기타,전라남도,127.0
2011,종량제 방식에 의한 혼합 배출,가연성,음식물류폐기물,전라남도,12.1
2011,종량제 방식에 의한 혼합 배출,가연성,폐지류,전라남도,263.5
2011,종량제 방식에 의한 혼합 배출,가연성,폐목재류,전라남도,94.4
2011,종량제 방식에 의한 혼합 배출,가연성,폐고무류,전라남도,34.6
2011,종량제 방식에 의한 혼합 배출,가연성,플라스틱류,전라남도,168.8
2011,종량제 방식에 의한 혼합 배출,가연성,기타,전라남도,424.0
2011,종량제 방식에 의한 혼합 배출,불연성,폐유리류,전라남도,16.4
2011,종량제 방식에 의한 혼합 배출,불연성,폐금속류,전라남도,19.9
2011,종량제 방식에 의한 혼합 배출,불연성,폐토사류,전라남도,29.8
2011,종량제 방식에 의한 혼합 배출,불연성,기타,전라남도,122.5
2012,종량제 방식에 의한 혼합 배출,가연성,음식물류폐기물,전라남도,13.3
2012,종량제 방식에 의한 혼합 배출,가연성,폐지류,전라남도,302.9
2012,종량제 방식에 의한 혼합 배출,가연성,폐목재류,전라남도,94.8
2012,종량제 방식에 의한 혼합 배출,가연성,폐고무류,전라남도,50.6
2012,종량제 방식에 의한 혼합 배출,가연성,플라스틱류,전라남도,185.7
2012,종량제 방식에 의한 혼합 배출,가연성,기타,전라남도,404.8
2012,종량제 방식에 의한 혼합 배출,불연성,폐유리류,전라남도,19.1
2012,종량제 방식에 의한 혼합 배출,불연성,폐금속류,전라남도,12.5
2012,종량제 방식에 의한 혼합 배출,불연성,폐토사류,전라남도,32.0
2012,종량제 방식에 의한 혼합 배출,불연성,기타,전라남도,107.6
2013,종량제 방식에 의한 혼합 배출,가연성,음식물류폐기물,전라남도,18.4
2013,종량제 방식에 의한 혼합 배출,가연성,폐지류,전라남도,339.3
2013,종량제 방식에 의한 혼합 배출,가연성,폐목재류,전라남도,80.9
2013,종량제 방식에 의한 혼합 배출,가연성,폐고무류,전라남도,34.6
2013,종량제 방식에 의한 혼합 배출,가연성,플라스틱류,전라남도,200.7
2013,종량제 방식에 의한 혼합 배출,가연성,기타,전라남도,319.1
2013,종량제 방식에 의한 혼합 배출,불연성,폐유리류,전라남도,70.1
2013,종량제 방식에 의한 혼합 배출,불연성,폐금속류,전라남도,16.6
2013,종량제 방식에 의한 혼합 배출,불연성,폐토사류,전라남도,26.5
2013,종량제 방식에 의한 혼합 배출,불연성,기타,전라남도,77.0
2014,종량제 방식에 의한 혼합 배출,가연성,음식물류폐기물,전라남도,49.9
2014,종량제 방식에 의한 혼합 배출,가연성,폐지류,전라남도,348.9
2014,종량제 방식에 의한 혼합 배출,가연성,폐목재류,전라남도,55.6
2014,종량제 방식에 의한 혼합 배출,가연성,폐고무류,전라남도,58.7
2014,종량제 방식에 의한 혼합 배출,가연성,플라스틱류,전라남도,176.7
2014,종량제 방식에 의한 혼합 배출,가연성,기타,전라남도,256.6
2014,종량제 방식에 의한 혼합 배출,불연성,폐유리류,전라남도,22.8
2014,종량제 방식에 의한 혼합 배출,불연성,폐금속류,전라남도,21.8
2014,종량제 방식에 의한 혼합 배출,불연성,폐토사류,전라남도,36.0
2014,종량제 방식에 의한 혼합 배출,불연성,기타,전라남도,92.9
2015,종량제 방식에 의한 혼합 배출,가연성,음식물류폐기물,전라남도,87.6
2015,종량제 방식에 의한 혼합 배출,가연성,폐지류,전라남도,303.3
2015,종량제 방식에 의한 혼합 배출,가연성,폐목재류,전라남도,44.9
2015,종량제 방식에 의한 혼합 배출,가연성,폐고무류,전라남도,41.9
2015,종량제 방식에 의한 혼합 배출,가연성,플라스틱류,전라남도,199.3
2015,종량제 방식에 의한 혼합 배출,가연성,기타,전라남도,214.7
2015,종량제 방식에 의한 혼합 배출,불연성,폐유리류,전라남도,25.1
2015,종량제 방식에 의한 혼합 배출,불연성,폐금속류,전라남도,26.1
2015,종량제 방식에 의한 혼합 배출,불연성,폐토사류,전라남도,25.5
2015,종량제 방식에 의한 혼합 배출,불연성,기타,전라남도,71.9
2016,종량제 방식에 의한 혼합 배출,가연성,음식물류폐기물,전라남도,100.1
2016,종량제 방식에 의한 혼합 배출,가연성,폐지류,전라남도,298.3
2016,종량제 방식에 의한 혼합 배출,가연성,폐목재류,전라남도,56.4
2016,종량제 방식에 의한 혼합 배출,가연성,폐고무류,전라남도,51.9
2016,종량제 방식에 의한 혼합 배출,가연성,플라스틱류,전라남도,232.1
2016,종량제 방식에 의한 혼합 배출,가연성,기타,전라남도,193.9
2016,종량제 방식에 의한 혼합 배출,불연성,폐유리류,전라남도,30.8
2016,종량제 방식에 의한 혼합 배출,불연성,폐금속류,전라남도,31.4
2016,종량제 방식에 의한 혼합 배출,불연성,폐토사류,전라남도,17.4
2016,종량제 방식에 의한 혼합 배출,불연성,기타,전라남도,78.3
2017,종량제 방식에 의한 혼합 배출,가연성,음식물류폐기물,전라남도,78.6
2017,종량제 방식에 의한 혼합 배출,가연성,폐지류,전라남도,237.3
2017,종량제 방식에 의한 혼합 배출,가연성,폐목재류,전라남도,64.4
2017,종량제 방식에 의한 혼합 배출,가연성,폐고무류,전라남도,53.8
2017,종량제 방식에 의한 혼합 배출,가연성,플라스틱류,전라남도,202.4
2017,종량제 방식에 의한 혼합 배출,가연성,기타,전라남도,274.0
2017,종량제 방식에 의한 혼합 배출,불연성,폐유리류,전라남도,34.2
2017,종량제 방식에 의한 혼합 배출,불연성,폐금속류,전라남도,31.3
2017,종량제 방식에 의한 혼합 배출,불연성,폐토사류,전라남도,39.3
2017,종량제 방식에 의한 혼합 배출,불연성,기타,전라남도,116.3
2018,종량제 방식에 의한 혼합 배출,가연성,음식물류폐기물,전라남도,91.5
2018,종량제 방식에 의한 혼합 배출,가연성,폐지류,전라남도,245.1
2018,종량제 방식에 의한 혼합 배출,가연성,폐목재류,전라남도,58.7
2018,종량제 방식에 의한 혼합 배출,가연성,폐고무류,전라남도,47.6
2018,종량제 방식에 의한 혼합 배출,가연성,플라스틱류,전라남도,232.5
2018,종량제 방식에 의한 혼합 배출,가연성,기타,전라남도,221.5
2018,종량제 방식에 의한 혼합 배출,불연성,폐유리류,전라남도,43.2
2018,종량제 방식에 의한 혼합 배출,불연성,폐금속류,전라남도,33.0
2018,종량제 방식에 의한 혼합 배출,불연성,폐토사류,전라남도,39.5
2018,종량제 방식에 의한 혼합 배출,불연성,기타,전라남도,106.1
2019,종량제 방식에 의한 혼합 배출,가연성,음식물류폐기물,전라남도,63.4
2019,종량제 방식에 의한 혼합 배출,가연성,폐지류,전라남도,280.9
2019,종량제 방식에 의한 혼합 배출,가연성,폐합성수지류,전라남도,319.0
2019,종량제 방식에 의한 혼합 배출,가연성,폐목재류,전라남도,81.5
2019,종량제 방식에 의한 혼합 배출,가연성,폐고무류,전라남도,18.3
2019,종량제 방식에 의한 혼합 배출,가연성,폐섬유류,전라남도,37.5
2019,종량제 방식에 의한 혼합 배출,가연성,기타,전라남도,354.1
2019,종량제 방식에 의한 혼합 배출,불연성,연탄재,전라남도,5.3
2019,종량제 방식에 의한 혼합 배출,불연성,폐유리류,전라남도,30.0
2019,종량제 방식에 의한 혼합 배출,불연성,폐금속류,전라남도,20.3
2019,종량제 방식에 의한 혼합 배출,불연성,폐토사류,전라남도,5.6
2019,종량제 방식에 의한 혼합 배출,불연성,폐타일 및 도자기류,전라남도,2.6
2019,종량제 방식에 의한 혼합 배출,불연성,기타,전라남도,112.2
2019,재활용가능자원 분리배출,폐지류,종이팩,전라남도,2.9
2019,재활용가능자원 분리배출,폐지류,기타,전라남도,28.1
2019,재활용가능자원 분리배출,폐합성수지류,비닐류,전라남도,4.8
2019,재활용가능자원 분리배출,폐합성수지류,발포수지류,전라남도,1.5
2019,재활용가능자원 분리배출,폐합성수지류,PET병,전라남도,10.3
2019,재활용가능자원 분리배출,폐합성수지류,기타,전라남도,5.9
2019,재활용가능자원 분리배출,영농폐기물,농약용기류,전라남도,1.2
2019,재활용가능자원 분리배출,영농폐기물,폐비닐,전라남도,71.5
2010,종량제 방식에 의한 혼합 배출,가연성,음식물류폐기물,경상북도,9.4
2010,종량제 방식에 의한 혼합 배출,가연성,폐지류,경상북도,298.2
2010,종량제 방식에 의한 혼합 배출,가연성,폐목재류,경상북도,157.2
2010,종량제 방식에 의한 혼합 배출,가연성,폐고무류,경상북도,58.3
2010,종량제 방식에 의한 혼합 배출,가연성,플라스틱류,경상북도,142.0
2010,종량제 방식에 의한 혼합 배출,가연성,기타,경상북도,374.7
2010,종량제 방식에 의한 혼합 배출,불연성,폐유리류,경상북도,26.5
2010,종량제 방식에 의한 혼합 배출,불연성,폐금속류,경상북도,34.2
2010,종량제 방식에 의한 혼합 배출,불연성,폐토사류,경상북도,63.9
2010,종량제 방식에 의한 혼합 배출,불연성,기타,경상북도,158.1
2011,종량제 방식에 의한 혼합 배출,가연성,음식물류폐기물,경상북도,17.7
2011,종량제 방식에 의한 혼합 배출,가연성,폐지류,경상북도,327.9
2011,종량제 방식에 의한 혼합 배출,가연성,폐목재류,경상북도,187.3
2011,종량제 방식에 의한 혼합 배출,가연성,폐고무류,경상북도,63.1
2011,종량제 방식에 의한 혼합 배출,가연성,플라스틱류,경상북도,160.0
2011,종량제 방식에 의한 혼합 배출,가연성,기타,경상북도,361.0
2011,종량제 방식에 의한 혼합 배출,불연성,폐유리류,경상북도,23.6
2011,종량제 방식에 의한 혼합 배출,불연성,폐금속류,경상북도,33.1
2011,종량제 방식에 의한 혼합 배출,불연성,폐토사류,경상북도,60.1
2011,종량제 방식에 의한 혼합 배출,불연성,기타,경상북도,171.8
2012,종량제 방식에 의한 혼합 배출,가연성,음식물류폐기물,경상북도,13.7
2012,종량제 방식에 의한 혼합 배출,가연성,폐지류,경상북도,406.5
2012,종량제 방식에 의한 혼합 배출,가연성,폐목재류,경상북도,164.4
2012,종량제 방식에 의한 혼합 배출,가연성,폐고무류,경상북도,58.4
2012,종량제 방식에 의한 혼합 배출,가연성,플라스틱류,경상북도,176.1
2012,종량제 방식에 의한 혼합 배출,가연성,기타,경상북도,397.9
2012,종량제 방식에 의한 혼합 배출,불연성,폐유리류,경상북도,22.0
2012,종량제 방식에 의한 혼합 배출,불연성,폐금속류,경상북도,28.3
2012,종량제 방식에 의한 혼합 배출,불연성,폐토사류,경상북도,61.0
2012,종량제 방식에 의한 혼합 배출,불연성,기타,경상북도,154.3
2013,종량제 방식에 의한 혼합 배출,가연성,음식물류폐기물,경상북도,21.4
2013,종량제 방식에 의한 혼합 배출,가연성,폐지류,경상북도,433.0
2013,종량제 방식에 의한 혼합 배출,가연성,폐목재류,경상북도,189.7
2013,종량제 방식에 의한 혼합 배출,가연성,폐고무류,경상북도,60.3
2013,종량제 방식에 의한 혼합 배출,가연성,플라스틱류,경상북도,277.9
2013,종량제 방식에 의한 혼합 배출,가연성,기타,경상북도,362.2
2013,종량제 방식에 의한 혼합 배출,불연성,폐유리류,경상북도,31.3
2013,종량제 방식에 의한 혼합 배출,불연성,폐금속류,경상북도,31.3
2013,종량제 방식에 의한 혼합 배출,불연성,폐토사류,경상북도,72.9
2013,종량제 방식에 의한 혼합 배출,불연성,기타,경상북도,169.5
2014,종량제 방식에 의한 혼합 배출,가연성,음식물류폐기물,경상북도,36.2
2014,종량제 방식에 의한 혼합 배출,가연성,폐지류,경상북도,362.4
2014,종량제 방식에 의한 혼합 배출,가연성,폐목재류,경상북도,153.8
2014,종량제 방식에 의한 혼합 배출,가연성,폐고무류,경상북도,57.1
2014,종량제 방식에 의한 혼합 배출,가연성,플라스틱류,경상북도,259.6
2014,종량제 방식에 의한 혼합 배출,가연성,기타,경상북도,315.8
2014,종량제 방식에 의한 혼합 배출,불연성,폐유리류,경상북도,35.7
2014,종량제 방식에 의한 혼합 배출,불연성,폐금속류,경상북도,84.2
2014,종량제 방식에 의한 혼합 배출,불연성,폐토사류,경상북도,110.8
2014,종량제 방식에 의한 혼합 배출,불연성,기타,경상북도,233.2
2015,종량제 방식에 의한 혼합 배출,가연성,음식물류폐기물,경상북도,65.5
2015,종량제 방식에 의한 혼합 배출,가연성,폐지류,경상북도,374.7
2015,종량제 방식에 의한 혼합 배출,가연성,폐목재류,경상북도,147.5
2015,종량제 방식에 의한 혼합 배출,가연성,폐고무류,경상북도,74.4
2015,종량제 방식에 의한 혼합 배출,가연성,플라스틱류,경상북도,305.0
2015,종량제 방식에 의한 혼합 배출,가연성,기타,경상북도,335.5
2015,종량제 방식에 의한 혼합 배출,불연성,폐유리류,경상북도,66.3
2015,종량제 방식에 의한 혼합 배출,불연성,폐금속류,경상북도,53.4
2015,종량제 방식에 의한 혼합 배출,불연성,폐토사류,경상북도,70.2
2015,종량제 방식에 의한 혼합 배출,불연성,기타,경상북도,205.5
2016,종량제 방식에 의한 혼합 배출,가연성,음식물류폐기물,경상북도,92.8
2016,종량제 방식에 의한 혼합 배출,가연성,폐지류,경상북도,404.5
2016,종량제 방식에 의한 혼합 배출,가연성,폐목재류,경상북도,165.8
2016,종량제 방식에 의한 혼합 배출,가연성,폐고무류,경상북도,68.8
2016,종량제 방식에 의한 혼합 배출,가연성,플라스틱류,경상북도,301.6
2016,종량제 방식에 의한 혼합 배출,가연성,기타,경상북도,404.2
2016,종량제 방식에 의한 혼합 배출,불연성,폐유리류,경상북도,44.6
2016,종량제 방식에 의한 혼합 배출,불연성,폐금속류,경상북도,37.1
2016,종량제 방식에 의한 혼합 배출,불연성,폐토사류,경상북도,53.5
2016,종량제 방식에 의한 혼합 배출,불연성,기타,경상북도,179.9
2017,종량제 방식에 의한 혼합 배출,가연성,음식물류폐기물,경상북도,99.2
2017,종량제 방식에 의한 혼합 배출,가연성,폐지류,경상북도,393.3
2017,종량제 방식에 의한 혼합 배출,가연성,폐목재류,경상북도,145.7
2017,종량제 방식에 의한 혼합 배출,가연성,폐고무류,경상북도,85.8
2017,종량제 방식에 의한 혼합 배출,가연성,플라스틱류,경상북도,408.4
2017,종량제 방식에 의한 혼합 배출,가연성,기타,경상북도,450.4
2017,종량제 방식에 의한 혼합 배출,불연성,폐유리류,경상북도,56.4
2017,종량제 방식에 의한 혼합 배출,불연성,폐금속류,경상북도,28.4
2017,종량제 방식에 의한 혼합 배출,불연성,폐토사류,경상북도,53.9
2017,종량제 방식에 의한 혼합 배출,불연성,기타,경상북도,210.6
2018,종량제 방식에 의한 혼합 배출,가연성,음식물류폐기물,경상북도,81.6
2018,종량제 방식에 의한 혼합 배출,가연성,폐지류,경상북도,370.6
2018,종량제 방식에 의한 혼합 배출,가연성,폐목재류,경상북도,124.5
2018,종량제 방식에 의한 혼합 배출,가연성,폐고무류,경상북도,54.6
2018,종량제 방식에 의한 혼합 배출,가연성,플라스틱류,경상북도,446.8
2018,종량제 방식에 의한 혼합 배출,가연성,기타,경상북도,431.0
2018,종량제 방식에 의한 혼합 배출,불연성,폐유리류,경상북도,35.4
2018,종량제 방식에 의한 혼합 배출,불연성,폐금속류,경상북도,29.0
2018,종량제 방식에 의한 혼합 배출,불연성,폐토사류,경상북도,145.9
2018,종량제 방식에 의한 혼합 배출,불연성,기타,경상북도,174.9
2019,종량제 방식에 의한 혼합 배출,가연성,음식물류폐기물,경상북도,70.2
2019,종량제 방식에 의한 혼합 배출,가연성,폐지류,경상북도,281.2
2019,종량제 방식에 의한 혼합 배출,가연성,폐합성수지류,경상북도,925.8
2019,종량제 방식에 의한 혼합 배출,가연성,폐목재류,경상북도,247.1
2019,종량제 방식에 의한 혼합 배출,가연성,폐고무류,경상북도,17.3
2019,종량제 방식에 의한 혼합 배출,가연성,폐섬유류,경상북도,37.6
2019,종량제 방식에 의한 혼합 배출,가연성,기타,경상북도,612.6
2019,종량제 방식에 의한 혼합 배출,불연성,연탄재,경상북도,4.8
2019,종량제 방식에 의한 혼합 배출,불연성,폐유리류,경상북도,40.2
2019,종량제 방식에 의한 혼합 배출,불연성,폐금속류,경상북도,19.6
2019,종량제 방식에 의한 혼합 배출,불연성,폐토사류,경상북도,48.8
2019,종량제 방식에 의한 혼합 배출,불연성,폐타일 및 도자기류,경상북도,3.7
2019,종량제 방식에 의한 혼합 배출,불연성,기타,경상북도,127.3
2019,재활용가능자원 분리배출,폐지류,종이팩,경상북도,16.0
2019,재활용가능자원 분리배출,폐지류,기타,경상북도,41.0
2019,재활용가능자원 분리배출,폐합성수지류,비닐류,경상북도,12.0
2019,재활용가능자원 분리배출,폐합성수지류,발포수지류,경상북도,1.4
2019,재활용가능자원 분리배출,폐합성수지류,PET병,경상북도,16.1
2019,재활용가능자원 분리배출,폐합성수지류,기타,경상북도,8.6
2019,재활용가능자원 분리배출,영농폐기물,농약용기류,경상북도,2.9
2019,재활용가능자원 분리배출,영농폐기물,폐비닐,경상북도,57.1
2010,종량제 방식에 의한 혼합 배출,가연성,음식물류폐기물,경상남도,79.0
2010,종량제 방식에 의한 혼합 배출,가연성,폐지류,경상남도,354.8
2010,종량제 방식에 의한 혼합 배출,가연성,폐목재류,경상남도,167.2
2010,종량제 방식에 의한 혼합 배출,가연성,폐고무류,경상남도,124.4
2010,종량제 방식에 의한 혼합 배출,가연성,플라스틱류,경상남도,269.5
2010,종량제 방식에 의한 혼합 배출,가연성,기타,경상남도,356.1
2010,종량제 방식에 의한 혼합 배출,불연성,폐유리류,경상남도,47.0
2010,종량제 방식에 의한 혼합 배출,불연성,폐금속류,경상남도,31.6
2010,종량제 방식에 의한 혼합 배출,불연성,폐토사류,경상남도,65.5
2010,종량제 방식에 의한 혼합 배출,불연성,기타,경상남도,141.8
2011,종량제 방식에 의한 혼합 배출,가연성,음식물류폐기물,경상남도,43.8
2011,종량제 방식에 의한 혼합 배출,가연성,폐지류,경상남도,354.7
2011,종량제 방식에 의한 혼합 배출,가연성,폐목재류,경상남도,178.3
2011,종량제 방식에 의한 혼합 배출,가연성,폐고무류,경상남도,124.2
2011,종량제 방식에 의한 혼합 배출,가연성,플라스틱류,경상남도,298.3
2011,종량제 방식에 의한 혼합 배출,가연성,기타,경상남도,388.6
2011,종량제 방식에 의한 혼합 배출,불연성,폐유리류,경상남도,67.3
2011,종량제 방식에 의한 혼합 배출,불연성,폐금속류,경상남도,38.0
2011,종량제 방식에 의한 혼합 배출,불연성,폐토사류,경상남도,66.9
2011,종량제 방식에 의한 혼합 배출,불연성,기타,경상남도,120.6
2012,종량제 방식에 의한 혼합 배출,가연성,음식물류폐기물,경상남도,27.4
2012,종량제 방식에 의한 혼합 배출,가연성,폐지류,경상남도,504.5
2012,종량제 방식에 의한 혼합 배출,가연성,폐목재류,경상남도,118.8
2012,종량제 방식에 의한 혼합 배출,가연성,폐고무류,경상남도,104.4
2012,종량제 방식에 의한 혼합 배출,가연성,플라스틱류,경상남도,348.6
2012,종량제 방식에 의한 혼합 배출,가연성,기타,경상남도,277.2
2012,종량제 방식에 의한 혼합 배출,불연성,폐유리류,경상남도,66.4
2012,종량제 방식에 의한 혼합 배출,불연성,폐금속류,경상남도,30.2
2012,종량제 방식에 의한 혼합 배출,불연성,폐토사류,경상남도,85.5
2012,종량제 방식에 의한 혼합 배출,불연성,기타,경상남도,185.8
2013,종량제 방식에 의한 혼합 배출,가연성,음식물류폐기물,경상남도,7.0
2013,종량제 방식에 의한 혼합 배출,가연성,폐지류,경상남도,448.3
2013,종량제 방식에 의한 혼합 배출,가연성,폐목재류,경상남도,107.8
2013,종량제 방식에 의한 혼합 배출,가연성,폐고무류,경상남도,81.0
2013,종량제 방식에 의한 혼합 배출,가연성,플라스틱류,경상남도,285.8
2013,종량제 방식에 의한 혼합 배출,가연성,기타,경상남도,287.4
2013,종량제 방식에 의한 혼합 배출,불연성,폐유리류,경상남도,42.4
2013,종량제 방식에 의한 혼합 배출,불연성,폐금속류,경상남도,25.8
2013,종량제 방식에 의한 혼합 배출,불연성,폐토사류,경상남도,68.0
2013,종량제 방식에 의한 혼합 배출,불연성,기타,경상남도,193.7
2014,종량제 방식에 의한 혼합 배출,가연성,음식물류폐기물,경상남도,0.1
2014,종량제 방식에 의한 혼합 배출,가연성,폐지류,경상남도,440.7
2014,종량제 방식에 의한 혼합 배출,가연성,폐목재류,경상남도,152.0
2014,종량제 방식에 의한 혼합 배출,가연성,폐고무류,경상남도,99.6
2014,종량제 방식에 의한 혼합 배출,가연성,플라스틱류,경상남도,336.3
2014,종량제 방식에 의한 혼합 배출,가연성,기타,경상남도,311.8
2014,종량제 방식에 의한 혼합 배출,불연성,폐유리류,경상남도,39.5
2014,종량제 방식에 의한 혼합 배출,불연성,폐금속류,경상남도,29.7
2014,종량제 방식에 의한 혼합 배출,불연성,폐토사류,경상남도,54.1
2014,종량제 방식에 의한 혼합 배출,불연성,기타,경상남도,264.6
2015,종량제 방식에 의한 혼합 배출,가연성,음식물류폐기물,경상남도,155.7
2015,종량제 방식에 의한 혼합 배출,가연성,폐지류,경상남도,426.3
2015,종량제 방식에 의한 혼합 배출,가연성,폐목재류,경상남도,107.5
2015,종량제 방식에 의한 혼합 배출,가연성,폐고무류,경상남도,109.7
2015,종량제 방식에 의한 혼합 배출,가연성,플라스틱류,경상남도,282.7
2015,종량제 방식에 의한 혼합 배출,가연성,기타,경상남도,247.8
2015,종량제 방식에 의한 혼합 배출,불연성,폐유리류,경상남도,31.7
2015,종량제 방식에 의한 혼합 배출,불연성,폐금속류,경상남도,38.9
2015,종량제 방식에 의한 혼합 배출,불연성,폐토사류,경상남도,52.5
2015,종량제 방식에 의한 혼합 배출,불연성,기타,경상남도,242.9
2016,종량제 방식에 의한 혼합 배출,가연성,음식물류폐기물,경상남도,102.9
2016,종량제 방식에 의한 혼합 배출,가연성,폐지류,경상남도,408.3
2016,종량제 방식에 의한 혼합 배출,가연성,폐목재류,경상남도,124.8
2016,종량제 방식에 의한 혼합 배출,가연성,폐고무류,경상남도,98.0
2016,종량제 방식에 의한 혼합 배출,가연성,플라스틱류,경상남도,335.7
2016,종량제 방식에 의한 혼합 배출,가연성,기타,경상남도,312.4
2016,종량제 방식에 의한 혼합 배출,불연성,폐유리류,경상남도,32.2
2016,종량제 방식에 의한 혼합 배출,불연성,폐금속류,경상남도,38.5
2016,종량제 방식에 의한 혼합 배출,불연성,폐토사류,경상남도,50.7
2016,종량제 방식에 의한 혼합 배출,불연성,기타,경상남도,401.5
2017,종량제 방식에 의한 혼합 배출,가연성,음식물류폐기물,경상남도,130.1
2017,종량제 방식에 의한 혼합 배출,가연성,폐지류,경상남도,406.6
2017,종량제 방식에 의한 혼합 배출,가연성,폐목재류,경상남도,156.2
2017,종량제 방식에 의한 혼합 배출,가연성,폐고무류,경상남도,93.1
2017,종량제 방식에 의한 혼합 배출,가연성,플라스틱류,경상남도,311.2
2017,종량제 방식에 의한 혼합 배출,가연성,기타,경상남도,282.8
2017,종량제 방식에 의한 혼합 배출,불연성,폐유리류,경상남도,34.9
2017,종량제 방식에 의한 혼합 배출,불연성,폐금속류,경상남도,27.4
2017,종량제 방식에 의한 혼합 배출,불연성,폐토사류,경상남도,58.6
2017,종량제 방식에 의한 혼합 배출,불연성,기타,경상남도,317.6
2018,종량제 방식에 의한 혼합 배출,가연성,음식물류폐기물,경상남도,156.3
2018,종량제 방식에 의한 혼합 배출,가연성,폐지류,경상남도,352.5
2018,종량제 방식에 의한 혼합 배출,가연성,폐목재류,경상남도,166.4
2018,종량제 방식에 의한 혼합 배출,가연성,폐고무류,경상남도,106.5
2018,종량제 방식에 의한 혼합 배출,가연성,플라스틱류,경상남도,262.8
2018,종량제 방식에 의한 혼합 배출,가연성,기타,경상남도,267.5
2018,종량제 방식에 의한 혼합 배출,불연성,폐유리류,경상남도,53.0
2018,종량제 방식에 의한 혼합 배출,불연성,폐금속류,경상남도,49.8
2018,종량제 방식에 의한 혼합 배출,불연성,폐토사류,경상남도,66.0
2018,종량제 방식에 의한 혼합 배출,불연성,기타,경상남도,265.0
2019,종량제 방식에 의한 혼합 배출,가연성,음식물류폐기물,경상남도,157.4
2019,종량제 방식에 의한 혼합 배출,가연성,폐지류,경상남도,395.1
2019,종량제 방식에 의한 혼합 배출,가연성,폐합성수지류,경상남도,427.3
2019,종량제 방식에 의한 혼합 배출,가연성,폐목재류,경상남도,233.9
2019,종량제 방식에 의한 혼합 배출,가연성,폐고무류,경상남도,47.1
2019,종량제 방식에 의한 혼합 배출,가연성,폐섬유류,경상남도,96.6
2019,종량제 방식에 의한 혼합 배출,가연성,기타,경상남도,197.1
2019,종량제 방식에 의한 혼합 배출,불연성,연탄재,경상남도,3.2
2019,종량제 방식에 의한 혼합 배출,불연성,폐유리류,경상남도,68.8
2019,종량제 방식에 의한 혼합 배출,불연성,폐금속류,경상남도,52.5
2019,종량제 방식에 의한 혼합 배출,불연성,폐토사류,경상남도,83.8
2019,종량제 방식에 의한 혼합 배출,불연성,폐타일 및 도자기류,경상남도,24.2
2019,종량제 방식에 의한 혼합 배출,불연성,기타,경상남도,207.9
2019,재활용가능자원 분리배출,폐지류,종이팩,경상남도,155.1
2019,재활용가능자원 분리배출,폐지류,기타,경상남도,124.8
2019,재활용가능자원 분리배출,폐합성수지류,비닐류,경상남도,47.4
2019,재활용가능자원 분리배출,폐합성수지류,발포수지류,경상남도,15.1
2019,재활용가능자원 분리배출,폐합성수지류,PET병,경상남도,56.4
2019,재활용가능자원 분리배출,폐합성수지류,기타,경상남도,97.0
2019,재활용가능자원 분리배출,영농폐기물,농약용기류,경상남도,0.7
2019,재활용가능자원 분리배출,영농폐기물,폐비닐,경상남도,51.5
2010,종량제 방식에 의한 혼합 배출,가연성,음식물류폐기물,제주특별자치도,9.9
2010,종량제 방식에 의한 혼합 배출,가연성,폐지류,제주특별자치도,124.6
2010,종량제 방식에 의한 혼합 배출,가연성,폐목재류,제주특별자치도,25.1
2010,종량제 방식에 의한 혼합 배출,가연성,폐고무류,제주특별자치도,12.5
2010,종량제 방식에 의한 혼합 배출,가연성,플라스틱류,제주특별자치도,24.6
2010,종량제 방식에 의한 혼합 배출,가연성,기타,제주특별자치도,13.2
2010,종량제 방식에 의한 혼합 배출,불연성,폐유리류,제주특별자치도,34.3
2010,종량제 방식에 의한 혼합 배출,불연성,폐금속류,제주특별자치도,2.9
2010,종량제 방식에 의한 혼합 배출,불연성,폐토사류,제주특별자치도,19.3
2010,종량제 방식에 의한 혼합 배출,불연성,기타,제주특별자치도,34.9
2011,종량제 방식에 의한 혼합 배출,가연성,음식물류폐기물,제주특별자치도,11.7
2011,종량제 방식에 의한 혼합 배출,가연성,폐지류,제주특별자치도,105.8
2011,종량제 방식에 의한 혼합 배출,가연성,폐목재류,제주특별자치도,24.8
2011,종량제 방식에 의한 혼합 배출,가연성,폐고무류,제주특별자치도,22.2
2011,종량제 방식에 의한 혼합 배출,가연성,플라스틱류,제주특별자치도,26.7
2011,종량제 방식에 의한 혼합 배출,가연성,기타,제주특별자치도,39.8
2011,종량제 방식에 의한 혼합 배출,불연성,폐유리류,제주특별자치도,27.4
2011,종량제 방식에 의한 혼합 배출,불연성,폐금속류,제주특별자치도,5.1
2011,종량제 방식에 의한 혼합 배출,불연성,폐토사류,제주특별자치도,35.4
2011,종량제 방식에 의한 혼합 배출,불연성,기타,제주특별자치도,53.4
2012,종량제 방식에 의한 혼합 배출,가연성,음식물류폐기물,제주특별자치도,12.4
2012,종량제 방식에 의한 혼합 배출,가연성,폐지류,제주특별자치도,118.1
2012,종량제 방식에 의한 혼합 배출,가연성,폐목재류,제주특별자치도,31.2
2012,종량제 방식에 의한 혼합 배출,가연성,폐고무류,제주특별자치도,15.0
2012,종량제 방식에 의한 혼합 배출,가연성,플라스틱류,제주특별자치도,27.7
2012,종량제 방식에 의한 혼합 배출,가연성,기타,제주특별자치도,43.9
2012,종량제 방식에 의한 혼합 배출,불연성,폐유리류,제주특별자치도,32.8
2012,종량제 방식에 의한 혼합 배출,불연성,폐금속류,제주특별자치도,10.8
2012,종량제 방식에 의한 혼합 배출,불연성,폐토사류,제주특별자치도,35.2
2012,종량제 방식에 의한 혼합 배출,불연성,기타,제주특별자치도,57.4
2013,종량제 방식에 의한 혼합 배출,가연성,음식물류폐기물,제주특별자치도,2.2
2013,종량제 방식에 의한 혼합 배출,가연성,폐지류,제주특별자치도,146.1
2013,종량제 방식에 의한 혼합 배출,가연성,폐목재류,제주특별자치도,40.3
2013,종량제 방식에 의한 혼합 배출,가연성,폐고무류,제주특별자치도,19.5
2013,종량제 방식에 의한 혼합 배출,가연성,플라스틱류,제주특별자치도,27.6
2013,종량제 방식에 의한 혼합 배출,가연성,기타,제주특별자치도,61.0
2013,종량제 방식에 의한 혼합 배출,불연성,폐유리류,제주특별자치도,45.4
2013,종량제 방식에 의한 혼합 배출,불연성,폐금속류,제주특별자치도,17.6
2013,종량제 방식에 의한 혼합 배출,불연성,폐토사류,제주특별자치도,22.7
2013,종량제 방식에 의한 혼합 배출,불연성,기타,제주특별자치도,65.9
2014,종량제 방식에 의한 혼합 배출,가연성,음식물류폐기물,제주특별자치도,11.3
2014,종량제 방식에 의한 혼합 배출,가연성,폐지류,제주특별자치도,78.0
2014,종량제 방식에 의한 혼합 배출,가연성,폐목재류,제주특별자치도,9.4
2014,종량제 방식에 의한 혼합 배출,가연성,폐고무류,제주특별자치도,5.1
2014,종량제 방식에 의한 혼합 배출,가연성,플라스틱류,제주특별자치도,23.2
2014,종량제 방식에 의한 혼합 배출,가연성,기타,제주특별자치도,72.6
2014,종량제 방식에 의한 혼합 배출,불연성,폐유리류,제주특별자치도,84.7
2014,종량제 방식에 의한 혼합 배출,불연성,폐금속류,제주특별자치도,10.4
2014,종량제 방식에 의한 혼합 배출,불연성,폐토사류,제주특별자치도,29.6
2014,종량제 방식에 의한 혼합 배출,불연성,기타,제주특별자치도,104.8
2015,종량제 방식에 의한 혼합 배출,가연성,음식물류폐기물,제주특별자치도,13.2
2015,종량제 방식에 의한 혼합 배출,가연성,폐지류,제주특별자치도,91.1
2015,종량제 방식에 의한 혼합 배출,가연성,폐목재류,제주특별자치도,15.1
2015,종량제 방식에 의한 혼합 배출,가연성,폐고무류,제주특별자치도,5.0
2015,종량제 방식에 의한 혼합 배출,가연성,플라스틱류,제주특별자치도,17.1
2015,종량제 방식에 의한 혼합 배출,가연성,기타,제주특별자치도,102.4
2015,종량제 방식에 의한 혼합 배출,불연성,폐유리류,제주특별자치도,104.2
2015,종량제 방식에 의한 혼합 배출,불연성,폐금속류,제주특별자치도,12.8
2015,종량제 방식에 의한 혼합 배출,불연성,폐토사류,제주특별자치도,40.7
2015,종량제 방식에 의한 혼합 배출,불연성,기타,제주특별자치도,108.5
2016,종량제 방식에 의한 혼합 배출,가연성,음식물류폐기물,제주특별자치도,17.6
2016,종량제 방식에 의한 혼합 배출,가연성,폐지류,제주특별자치도,125.2
2016,종량제 방식에 의한 혼합 배출,가연성,폐목재류,제주특별자치도,19.9
2016,종량제 방식에 의한 혼합 배출,가연성,폐고무류,제주특별자치도,6.3
2016,종량제 방식에 의한 혼합 배출,가연성,플라스틱류,제주특별자치도,37.6
2016,종량제 방식에 의한 혼합 배출,가연성,기타,제주특별자치도,131.9
2016,종량제 방식에 의한 혼합 배출,불연성,폐유리류,제주특별자치도,100.8
2016,종량제 방식에 의한 혼합 배출,불연성,폐금속류,제주특별자치도,12.8
2016,종량제 방식에 의한 혼합 배출,불연성,폐토사류,제주특별자치도,38.8
2016,종량제 방식에 의한 혼합 배출,불연성,기타,제주특별자치도,123.6
2017,종량제 방식에 의한 혼합 배출,가연성,음식물류폐기물,제주특별자치도,17.7
2017,종량제 방식에 의한 혼합 배출,가연성,폐지류,제주특별자치도,128.8
2017,종량제 방식에 의한 혼합 배출,가연성,폐목재류,제주특별자치도,25.7
2017,종량제 방식에 의한 혼합 배출,가연성,폐고무류,제주특별자치도,6.0
2017,종량제 방식에 의한 혼합 배출,가연성,플라스틱류,제주특별자치도,35.4
2017,종량제 방식에 의한 혼합 배출,가연성,기타,제주특별자치도,162.3
2017,종량제 방식에 의한 혼합 배출,불연성,폐유리류,제주특별자치도,74.5
2017,종량제 방식에 의한 혼합 배출,불연성,폐금속류,제주특별자치도,11.1
2017,종량제 방식에 의한 혼합 배출,불연성,폐토사류,제주특별자치도,28.4
2017,종량제 방식에 의한 혼합 배출,불연성,기타,제주특별자치도,82.3
2018,종량제 방식에 의한 혼합 배출,가연성,음식물류폐기물,제주특별자치도,24.4
2018,종량제 방식에 의한 혼합 배출,가연성,폐지류,제주특별자치도,125.3
2018,종량제 방식에 의한 혼합 배출,가연성,폐목재류,제주특별자치도,10.2
2018,종량제 방식에 의한 혼합 배출,가연성,폐고무류,제주특별자치도,3.7
2018,종량제 방식에 의한 혼합 배출,가연성,플라스틱류,제주특별자치도,37.4
2018,종량제 방식에 의한 혼합 배출,가연성,기타,제주특별자치도,150.2
2018,종량제 방식에 의한 혼합 배출,불연성,폐유리류,제주특별자치도,65.4
2018,종량제 방식에 의한 혼합 배출,불연성,폐금속류,제주특별자치도,12.7
2018,종량제 방식에 의한 혼합 배출,불연성,폐토사류,제주특별자치도,22.2
2018,종량제 방식에 의한 혼합 배출,불연성,기타,제주특별자치도,90.4
2019,종량제 방식에 의한 혼합 배출,가연성,음식물류폐기물,제주특별자치도,25.1
2019,종량제 방식에 의한 혼합 배출,가연성,폐지류,제주특별자치도,85.8
2019,종량제 방식에 의한 혼합 배출,가연성,폐합성수지류,제주특별자치도,98.3
2019,종량제 방식에 의한 혼합 배출,가연성,폐목재류,제주특별자치도,9.7
2019,종량제 방식에 의한 혼합 배출,가연성,폐고무류,제주특별자치도,3.9
2019,종량제 방식에 의한 혼합 배출,가연성,폐섬유류,제주특별자치도,18.0
2019,종량제 방식에 의한 혼합 배출,가연성,기타,제주특별자치도,160.4
2019,종량제 방식에 의한 혼합 배출,불연성,연탄재,제주특별자치도,1.5
2019,종량제 방식에 의한 혼합 배출,불연성,폐유리류,제주특별자치도,12.5
2019,종량제 방식에 의한 혼합 배출,불연성,폐금속류,제주특별자치도,8.6
2019,종량제 방식에 의한 혼합 배출,불연성,폐토사류,제주특별자치도,2.5
2019,종량제 방식에 의한 혼합 배출,불연성,폐타일 및 도자기류,제주특별자치도,0.8
2019,종량제 방식에 의한 혼합 배출,불연성,기타,제주특별자치도,26.5
2019,재활용가능자원 분리배출,폐지류,종이팩,제주특별자치도,7.2
2019,재활용가능자원 분리배출,폐지류,기타,제주특별자치도,198.6
2019,재활용가능자원 분리배출,폐합성수지류,비닐류,제주특별자치도,16.5
2019,재활용가능자원 분리배출,폐합성수지류,발포수지류,제주특별자치도,1.0
2019,재활용가능자원 분리배출,폐합성수지류,PET병,제주특별자치도,16.6
2019,재활용가능자원 분리배출,폐합성수지류,기타,제주특별자치도,12.8
2019,재활용가능자원 분리배출,영농폐기물,농약용기류,제주특별자치도,0.0
2019,재활용가능자원 분리배출,영농폐기물,폐비닐,제주특별자치도,5.7
